数据由邢不行整理，对数据字段有疑问的，可以直接微信私信邢不行，微信号：xbx297,,,,,,,,,,,,,,,,,,,,,,,,,,,,,,,,,,,,,
股票代码,股票名称,交易日期,开盘价,最高价,最低价,收盘价,前收盘价,成交量,成交额,流通市值,总市值,净利润TTM,现金流TTM,净资产,总资产,总负债,净利润(当季),中户资金买入额,中户资金卖出额,大户资金买入额,大户资金卖出额,散户资金买入额,散户资金卖出额,机构资金买入额,机构资金卖出额,沪深300成分股,上证50成分股,中证500成分股,中证1000成分股,中证2000成分股,创业板指成分股,新版申万一级行业名称,新版申万二级行业名称,新版申万三级行业名称,09:35收盘价,09:45收盘价,09:55收盘价
sz301428,N世纪恒,2023-05-19,42.0,50.0,40.37,46.4,26.35,16638052.0,724644101.0,1085532593.6,4578133348.8,85164039.03999999,-21177564.69,611398721.1299999,1357096826.87,745698105.74,17778100.82,28446.32,15161.46,17677.22,0.0,21489.04,57302.95,4851.84,0.0,,,,,,,通信,通信服务,通信应用增值服务,44.21,43.04,42.91
sz301428,C世纪恒,2023-05-22,45.3,48.5,43.4,43.91,46.4,13805897.0,622321915.0,1027278797.09,4332453347.97,85164039.03999999,-21177564.69,611398721.1299999,1357096826.87,745698105.74,17778100.82,20343.87,19388.32,10667.5,11061.24,18090.76,18987.7,1934.2,1599.06,,,,,,,通信,通信服务,通信应用增值服务,45.51,43.58,44.21
sz301428,C世纪恒,2023-05-23,41.46,45.67,40.4,44.91,43.91,13364599.0,571781378.0,1050673896.09,4431120014.97,85164039.03999999,-21177564.69,611398721.1299999,1357096826.87,745698105.74,17778100.82,24619.49,22609.83,12509.05,12872.9,18624.96,18566.98,1424.63,3128.43,,,,,,,通信,通信服务,通信应用增值服务,40.8,41.23,41.0
sz301428,C世纪恒,2023-05-24,43.26,48.9,43.22,48.9,44.91,13728328.0,634075909.0,1144020341.1,4824800016.3,85164039.03999999,-21177564.69,611398721.1299999,1357096826.87,745698105.74,17778100.82,25703.65,26956.28,16898.9,13620.99,17421.81,20700.58,3383.24,2129.74,,,,,,,通信,通信服务,通信应用增值服务,44.49,44.79,45.15
sz301428,C世纪恒,2023-05-25,47.4,54.48,44.5,45.8,48.9,14311826.0,681302804.0,1071495534.2,4518933348.6,85164039.03999999,-21177564.69,611398721.1299999,1357096826.87,745698105.74,17778100.82,28491.84,27589.96,14225.86,20480.12,23117.93,17265.04,2294.65,2795.16,,,,,,,通信,通信服务,通信应用增值服务,47.22,48.3,47.23
sz301428,世纪恒通,2023-05-26,43.15,43.95,41.1,41.15,45.8,10654073.0,451618078.0,962708323.85,4060133347.05,85164039.03999999,-21177564.69,611398721.1299999,1357096826.87,745698105.74,17778100.82,18648.81,20155.37,9676.43,11557.36,15962.13,11969.72,866.41,1471.33,,,,,,,通信,通信服务,通信应用增值服务,42.62,43.36,42.65
sz301428,世纪恒通,2023-05-29,40.52,41.86,39.67,40.6,41.15,6760289.0,273815420.0,949841019.4,4005866680.2,85164039.03999999,-21177564.69,611398721.1299999,1357096826.87,745698105.74,17778100.82,11893.95,11978.1,4794.84,6964.14,10203.56,7571.26,489.19,868.05,,,,,,,通信,通信服务,通信应用增值服务,40.77,40.85,41.12
sz301428,世纪恒通,2023-05-30,40.58,41.2,39.79,40.5,40.6,5488182.0,221846172.0,947501509.5,3996000013.5,85164039.03999999,-21177564.69,611398721.1299999,1357096826.87,745698105.74,17778100.82,9562.2,9926.68,5516.7,4959.26,7003.95,6390.78,101.77,907.9,,,,,,,通信,通信服务,通信应用增值服务,39.8,39.96,40.4
sz301428,世纪恒通,2023-05-31,40.0,41.82,39.16,41.08,40.5,6727661.0,272001776.0,961070666.92,4053226680.36,85164039.03999999,-21177564.69,611398721.1299999,1357096826.87,745698105.74,17778100.82,10724.35,11859.65,6504.15,6963.8,8422.02,7865.72,1549.66,511.01,,,,,,,通信,通信服务,通信应用增值服务,40.08,40.25,40.19
sz301428,世纪恒通,2023-06-01,40.4,42.26,40.1,41.88,41.08,6588369.0,273399699.0,979786746.12,4132160013.96,85164039.03999999,-21177564.69,611398721.1299999,1357096826.87,745698105.74,17778100.82,10717.75,12612.98,7386.73,6248.8,8063.21,8067.06,1172.28,411.13,,,,,,,通信,通信服务,通信应用增值服务,40.3,40.55,40.6
sz301428,世纪恒通,2023-06-02,41.7,41.77,40.4,40.6,41.88,5570270.0,228079778.0,949841019.4,4005866680.2,85164039.03999999,-21177564.69,611398721.1299999,1357096826.87,745698105.74,17778100.82,9550.49,9050.64,4262.23,6128.27,7553.14,5792.67,1442.12,1836.4,,,,,,,通信,通信服务,通信应用增值服务,41.64,41.37,41.6
sz301428,世纪恒通,2023-06-05,40.55,43.6,40.11,43.29,40.6,8691158.0,369469470.0,1012773835.71,4271280014.43,85164039.03999999,-21177564.69,611398721.1299999,1357096826.87,745698105.74,17778100.82,15418.15,15558.71,8034.12,9126.46,12578.62,10868.84,916.06,1392.94,,,,,,,通信,通信服务,通信应用增值服务,40.71,41.27,42.12
sz301428,世纪恒通,2023-06-06,42.39,42.94,40.72,41.77,43.29,6121202.0,255926413.0,977213285.23,4121306680.59,85164039.03999999,-21177564.69,611398721.1299999,1357096826.87,745698105.74,17778100.82,11158.61,10552.28,4746.39,6284.27,9137.84,7787.22,549.8,968.88,,,,,,,通信,通信服务,通信应用增值服务,42.28,42.9,42.57
sz301428,世纪恒通,2023-06-07,41.4,42.4,40.44,41.8,41.77,4175512.0,173365737.0,977915138.2,4124266680.6,85164039.03999999,-21177564.69,611398721.1299999,1357096826.87,745698105.74,17778100.82,7727.59,7624.74,4113.38,2688.23,5133.2,6417.12,362.4,606.48,,,,,,,通信,通信服务,通信应用增值服务,41.15,41.22,41.54
sz301428,世纪恒通,2023-06-08,41.35,42.17,40.22,40.27,41.8,4451632.0,184238801.0,942120636.73,3973306680.09,85164039.03999999,-21177564.69,611398721.1299999,1357096826.87,745698105.74,17778100.82,7745.98,8374.54,4768.52,3732.1,5909.38,5631.51,0.0,685.72,,,,,,,通信,通信服务,通信应用增值服务,41.43,41.71,42.15
sz301428,世纪恒通,2023-06-09,40.52,42.56,40.0,42.29,40.27,6317953.0,264147150.0,989378736.71,4172613347.43,85164039.03999999,-21177564.69,611398721.1299999,1357096826.87,745698105.74,17778100.82,11546.96,10976.63,5801.47,6814.86,8594.95,7728.82,471.33,894.4,,,,,,,通信,通信服务,通信应用增值服务,40.46,40.96,41.09
sz301428,世纪恒通,2023-06-12,42.0,42.75,41.4,42.13,42.29,3854380.0,162142055.0,985635520.87,4156826680.71,85164039.03999999,-21177564.69,611398721.1299999,1357096826.87,745698105.74,17778100.82,7557.25,7003.75,3220.59,3852.48,5318.4,5300.23,117.96,57.75,,,,,,,通信,通信服务,通信应用增值服务,42.08,41.6,41.78
sz301428,世纪恒通,2023-06-13,41.63,43.59,41.1,42.38,42.13,5302527.0,225266471.0,991484295.62,4181493347.46,85164039.03999999,-21177564.69,611398721.1299999,1357096826.87,745698105.74,17778100.82,9564.8,9088.12,4980.71,5456.57,7547.52,6401.39,433.61,1580.57,,,,,,,通信,通信服务,通信应用增值服务,41.42,41.66,42.72
sz301428,世纪恒通,2023-06-14,42.0,42.29,40.61,40.97,42.38,4638404.0,190870631.0,958497206.03,4042373346.99,85164039.03999999,-21177564.69,611398721.1299999,1357096826.87,745698105.74,17778100.82,7774.67,7920.19,4051.09,4835.59,6605.43,5588.95,655.88,742.33,,,,,,,通信,通信服务,通信应用增值服务,41.9,41.6,41.45
sz301428,世纪恒通,2023-06-15,41.6,41.98,40.32,40.45,40.97,3930798.0,161268944.0,946331754.55,3991066680.15,85164039.03999999,-21177564.69,611398721.1299999,1357096826.87,745698105.74,17778100.82,6938.69,7000.01,3152.53,3605.46,5649.52,5017.35,386.15,504.07,,,,,,,通信,通信服务,通信应用增值服务,41.49,41.18,41.06
sz301428,世纪恒通,2023-06-16,40.01,40.94,39.3,40.75,40.45,3694598.0,148523121.0,953350284.25,4020666680.25,85164039.03999999,-21177564.69,611398721.1299999,1357096826.87,745698105.74,17778100.82,6136.25,6304.01,2735.96,3694.93,5582.45,4275.14,397.65,578.22,,,,,,,通信,通信服务,通信应用增值服务,39.49,39.55,39.81
sz301428,世纪恒通,2023-06-19,40.5,41.24,40.0,41.0,40.75,3551289.0,144512033.0,959199059.0,4045333347.0,85164039.03999999,-21177564.69,611398721.1299999,1357096826.87,745698105.74,17778100.82,6702.64,5699.67,3079.93,3836.01,4661.67,3677.0,6.97,1238.52,,,,,,,通信,通信服务,通信应用增值服务,40.67,40.09,40.41
sz301428,世纪恒通,2023-06-20,40.87,40.87,38.02,38.21,41.0,6202181.0,243391668.0,893926732.79,3770053346.07,85164039.03999999,-21177564.69,611398721.1299999,1357096826.87,745698105.74,17778100.82,9120.07,8255.66,3933.75,5634.23,10743.85,6117.78,541.5,4331.49,,,,,,,通信,通信服务,通信应用增值服务,40.55,40.57,40.34
sz301428,世纪恒通,2023-06-21,38.06,38.16,35.39,35.39,38.21,4496164.0,164161971.0,827952553.61,3491813345.13,85164039.03999999,-21177564.69,611398721.1299999,1357096826.87,745698105.74,17778100.82,5784.47,6766.62,2647.04,3573.76,7567.55,4807.0,417.13,1268.82,,,,,,,通信,通信服务,通信应用增值服务,38.01,37.65,37.12
sz301428,世纪恒通,2023-06-26,35.28,36.15,35.0,35.37,35.39,2407725.0,85930866.0,827484651.63,3489840011.79,85164039.03999999,-21177564.69,611398721.1299999,1357096826.87,745698105.74,17778100.82,3589.02,2926.38,1626.36,1788.13,3329.06,3652.6,48.65,225.98,,,,,,,通信,通信服务,通信应用增值服务,35.92,35.94,35.69
sz301428,世纪恒通,2023-06-27,35.3,36.28,35.11,36.06,35.37,2072203.0,74233537.0,843627269.9399999,3557920012.02,85164039.03999999,-21177564.69,611398721.1299999,1357096826.87,745698105.74,17778100.82,2933.03,3226.16,1899.11,1427.17,2485.39,2756.91,105.82,13.12,,,,,,,通信,通信服务,通信应用增值服务,35.54,35.6,35.64
sz301428,世纪恒通,2023-06-28,35.79,35.89,33.76,34.6,36.06,2697654.0,93520664.0,809470425.4,3413866678.2,85164039.03999999,-21177564.69,611398721.1299999,1357096826.87,745698105.74,17778100.82,3412.4,3792.46,1502.38,2609.76,4313.75,2780.56,123.54,169.28,,,,,,,通信,通信服务,通信应用增值服务,35.68,34.9,34.75
sz301428,世纪恒通,2023-06-29,34.47,35.68,34.42,35.15,34.6,2148103.0,75217699.0,822337729.85,3468133345.05,85164039.03999999,-21177564.69,611398721.1299999,1357096826.87,745698105.74,17778100.82,3166.48,3044.35,968.73,1577.11,3386.57,2489.12,0.0,411.19,,,,,,,通信,通信服务,通信应用增值服务,34.85,34.8,34.88
sz301428,世纪恒通,2023-06-30,35.08,35.68,35.06,35.6,35.15,1519832.0,53753712.0,832865524.4,3512533345.2,85164039.03999999,-21177564.69,611398721.1299999,1357096826.87,745698105.74,17778100.82,2312.99,1863.93,932.48,1063.09,2108.36,2420.25,21.54,28.09,,,,,,,通信,通信服务,通信应用增值服务,35.11,35.14,35.15
sz301428,世纪恒通,2023-07-03,35.59,36.22,34.77,35.82,35.6,2026361.0,71877016.0,838012446.18,3534240011.94,85164039.03999999,-21177564.69,611398721.1299999,1357096826.87,745698105.74,17778100.82,2421.43,2819.97,1467.25,1452.73,3299.02,2915.0,0.0,0.0,,,,,,,通信,通信服务,通信应用增值服务,35.46,35.25,35.19
sz301428,世纪恒通,2023-07-04,35.8,36.25,35.52,35.84,35.82,1906058.0,68394535.0,838480348.16,3536213345.28,85164039.03999999,-21177564.69,611398721.1299999,1357096826.87,745698105.74,17778100.82,2685.64,3031.79,1155.49,1583.36,2998.32,2224.31,0.0,0.0,,,,,,,通信,通信服务,通信应用增值服务,35.79,35.8,35.8
sz301428,世纪恒通,2023-07-05,36.3,37.37,35.9,37.35,35.84,4715868.0,173676356.0,873806947.65,3685200012.45,85164039.03999999,-21177564.69,611398721.1299999,1357096826.87,745698105.74,17778100.82,7328.9,6684.18,4299.19,2521.28,5049.79,7838.33,689.75,323.85,,,,,,,通信,通信服务,通信应用增值服务,36.75,35.91,36.05
sz301428,世纪恒通,2023-07-06,36.84,36.92,36.19,36.7,37.35,3264804.0,119248170.0,858600133.3000001,3621066678.9,85164039.03999999,-21177564.69,611398721.1299999,1357096826.87,745698105.74,17778100.82,4605.09,5085.64,2152.5,2760.8,5042.06,3582.18,125.17,496.21,,,,,,,通信,通信服务,通信应用增值服务,36.86,36.56,36.57
sz301428,世纪恒通,2023-07-07,36.41,36.45,35.06,35.21,36.7,2293737.0,81534032.0,823741435.79,3474053345.07,85164039.03999999,-21177564.69,611398721.1299999,1357096826.87,745698105.74,17778100.82,2842.9,3733.94,1594.06,2018.72,3615.07,2156.2,101.38,244.55,,,,,,,通信,通信服务,通信应用增值服务,36.11,35.51,35.52
sz301428,世纪恒通,2023-07-10,35.55,36.22,35.41,35.71,35.21,1707678.0,61125594.0,835438985.29,3523386678.57,85164039.03999999,-21177564.69,611398721.1299999,1357096826.87,745698105.74,17778100.82,2455.68,2534.16,1020.19,1547.36,2197.35,1896.43,439.34,134.61,,,,,,,通信,通信服务,通信应用增值服务,35.77,35.98,35.95
sz301428,世纪恒通,2023-07-11,35.77,36.15,35.51,35.96,35.71,1632918.0,58500801.0,841287760.04,3548053345.32,85164039.03999999,-21177564.69,611398721.1299999,1357096826.87,745698105.74,17778100.82,2242.58,2636.12,821.31,1141.86,2248.34,2072.09,537.84,0.0,,,,,,,通信,通信服务,通信应用增值服务,35.51,35.65,35.98
sz301428,世纪恒通,2023-07-12,35.7,36.5,35.45,35.6,35.96,2540365.0,91365226.0,832865524.4,3512533345.2,85164039.03999999,-21177564.69,611398721.1299999,1357096826.87,745698105.74,17778100.82,3760.42,3566.42,1969.49,1621.13,3405.54,3525.36,1.08,423.61,,,,,,,通信,通信服务,通信应用增值服务,35.59,35.67,35.56
sz301428,世纪恒通,2023-07-13,35.55,36.88,35.55,36.84,35.6,2931381.0,106623561.0,861875447.1600001,3634880012.28,85164039.03999999,-21177564.69,611398721.1299999,1357096826.87,745698105.74,17778100.82,4411.1,4331.7,2237.08,1475.57,3767.07,4452.27,247.11,402.81,,,,,,,通信,通信服务,通信应用增值服务,35.8,35.97,35.91
sz301428,世纪恒通,2023-07-14,36.72,39.88,36.6,39.18,36.84,6320689.0,243571468.0,916619978.82,3865760013.06,85164039.03999999,-21177564.69,611398721.1299999,1357096826.87,745698105.74,17778100.82,9570.39,9404.36,6037.26,5209.06,7556.17,9513.23,1193.32,230.49,,,,,,,通信,通信服务,通信应用增值服务,37.56,37.6,38.14
sz301428,世纪恒通,2023-07-17,39.3,40.57,37.8,38.17,39.18,4107531.0,158868994.0,892990928.83,3766106679.39,85164039.03999999,-21177564.69,611398721.1299999,1357096826.87,745698105.74,17778100.82,6189.86,6666.6,2957.59,3989.38,6358.19,4369.87,381.25,861.05,,,,,,,通信,通信服务,通信应用增值服务,38.61,38.79,38.22
sz301428,世纪恒通,2023-07-18,38.0,39.46,37.01,38.29,38.17,3860796.0,147300523.0,895798340.71,3777946679.43,85164039.03999999,-21177564.69,611398721.1299999,1357096826.87,745698105.74,17778100.82,6153.35,5500.58,2941.14,3575.04,5530.91,5396.18,104.66,258.25,,,,,,,通信,通信服务,通信应用增值服务,37.18,37.19,37.37
sz301428,世纪恒通,2023-07-19,37.92,39.6,37.92,39.3,38.29,4126575.0,160977507.0,919427390.7,3877600013.1,85164039.03999999,-21177564.69,611398721.1299999,1357096826.87,745698105.74,17778100.82,6253.6,6242.43,3490.81,3131.04,5553.97,6459.7,799.37,264.58,,,,,,,通信,通信服务,通信应用增值服务,38.38,38.94,38.9
sz301428,世纪恒通,2023-07-20,38.88,41.9,38.24,40.79,39.3,7990175.0,322138938.4,954286088.2,4024613347.0,85164039.03999999,-21177564.69,611398721.1299999,1357096826.87,745698105.74,17778100.82,12952.56,13244.71,7333.95,7709.64,9053.11,10052.29,2845.08,1178.06,,,,,,,通信,通信服务,通信应用增值服务,39.03,39.04,38.88
sz301428,世纪恒通,2023-07-21,41.0,41.25,37.62,37.71,40.79,5946428.0,230912709.0,882229183.29,3720720012.57,85164039.03999999,-21177564.69,611398721.1299999,1357096826.87,745698105.74,17778100.82,9115.25,11321.84,3814.82,5153.51,9639.08,5759.65,522.12,856.27,,,,,,,通信,通信服务,通信应用增值服务,40.03,39.0,39.33
sz301428,世纪恒通,2023-07-24,36.96,38.38,35.81,37.7,37.71,3395295.0,125709462.0,881995232.3000001,3719733345.9,85164039.03999999,-21177564.69,611398721.1299999,1357096826.87,745698105.74,17778100.82,4770.96,5098.21,2148.91,2909.36,5389.98,4157.39,261.09,405.98,,,,,,,通信,通信服务,通信应用增值服务,36.65,36.7,36.11
sz301428,世纪恒通,2023-07-25,37.86,38.3,37.18,37.86,37.7,2578245.0,97374970.0,885738448.14,3735520012.62,85164039.03999999,-21177564.69,611398721.1299999,1357096826.87,745698105.74,17778100.82,3984.22,3717.02,1805.1,2825.29,3758.35,3081.94,189.83,113.25,,,,,,,通信,通信服务,通信应用增值服务,37.81,37.86,37.56
sz301428,世纪恒通,2023-07-26,37.87,37.98,36.42,36.55,37.86,2573451.0,95413390.0,855090868.4499999,3606266678.85,85164039.03999999,-21177564.69,611398721.1299999,1357096826.87,745698105.74,17778100.82,3833.09,4496.81,878.87,2083.16,4808.17,2961.37,21.2,0.0,,,,,,,通信,通信服务,通信应用增值服务,37.65,37.22,37.36
sz301428,世纪恒通,2023-07-27,37.2,38.0,35.82,35.87,36.55,2938262.0,108636377.0,839182201.13,3539173345.29,85164039.03999999,-21177564.69,611398721.1299999,1357096826.87,745698105.74,17778100.82,4464.62,4096.53,1815.3,2270.25,4244.51,4051.32,339.21,445.54,,,,,,,通信,通信服务,通信应用增值服务,37.52,37.58,37.4
sz301428,世纪恒通,2023-07-28,35.21,36.9,34.93,36.27,35.87,2617483.0,93615029.0,848540240.7299999,3578640012.09,85164039.03999999,-21177564.69,611398721.1299999,1357096826.87,745698105.74,17778100.82,3234.14,3924.59,1678.52,1906.32,4343.19,3530.59,105.66,0.0,,,,,,,通信,通信服务,通信应用增值服务,35.56,35.25,35.14
sz301428,世纪恒通,2023-07-31,36.14,37.36,35.9,36.5,36.27,1739469.0,63732750.0,853921113.5000001,3601333345.5000005,85164039.03999999,-21177564.69,611398721.1299999,1357096826.87,745698105.74,17778100.82,2481.76,2809.01,1069.93,1281.26,2821.58,2283.01,0.0,0.0,,,,,,,通信,通信服务,通信应用增值服务,36.55,36.7,36.73
sz301428,世纪恒通,2023-08-01,36.37,36.55,35.48,36.09,36.5,1823428.0,65439798.0,844329122.91,3560880012.03,85164039.03999999,-21177564.69,611398721.1299999,1357096826.87,745698105.74,17778100.82,2420.56,2445.71,982.79,1815.9,2893.87,1928.61,246.76,353.76,,,,,,,通信,通信服务,通信应用增值服务,36.17,36.02,35.87
sz301428,世纪恒通,2023-08-02,35.81,36.99,35.79,36.96,36.09,2199481.0,80322534.0,864682859.0400001,3646720012.32,85164039.03999999,-21177564.69,611398721.1299999,1357096826.87,745698105.74,17778100.82,3468.73,3132.51,1723.8,1336.08,2749.1,3563.67,90.62,0.0,,,,,,,通信,通信服务,通信应用增值服务,36.0,36.29,36.68
sz301428,世纪恒通,2023-08-03,36.6,37.99,35.89,37.74,36.96,4510063.0,167508924.0,882931036.26,3723680012.58,85164039.03999999,-21177564.69,611398721.1299999,1357096826.87,745698105.74,17778100.82,7015.66,6009.34,3803.28,3771.1,5437.05,6279.47,494.91,690.99,,,,,,,通信,通信服务,通信应用增值服务,36.59,36.56,36.73
sz301428,世纪恒通,2023-08-04,37.26,41.38,37.15,39.0,37.74,7357171.0,289267595.0,912408861.0,3848000013.0,85164039.03999999,-21177564.69,611398721.1299999,1357096826.87,745698105.74,17778100.82,12412.17,12123.86,7052.93,6444.39,8861.09,9747.31,600.57,611.21,,,,,,,通信,通信服务,通信应用增值服务,37.61,39.0,38.61
sz301428,世纪恒通,2023-08-07,38.8,46.8,38.62,46.8,39.0,11097328.0,473548057.0,1094890633.2,4617600015.6,85164039.03999999,-21177564.69,611398721.1299999,1357096826.87,745698105.74,17778100.82,13218.8,19144.71,12887.43,11700.52,8225.1,12230.05,13023.48,4279.52,,,,,,,通信,通信服务,通信应用增值服务,39.83,39.3,39.81
sz301428,世纪恒通,2023-08-08,50.1,54.2,47.63,48.45,46.8,17891701.0,910356685.0,1133492546.55,4780400016.150001,85164039.03999999,-21177564.69,611398721.1299999,1357096826.87,745698105.74,17778100.82,34838.8,31913.71,22352.38,33147.05,26837.3,17155.94,7007.19,8818.97,,,,,,,通信,通信服务,通信应用增值服务,51.4,51.61,51.1
sz301428,世纪恒通,2023-08-09,49.13,53.57,49.13,50.03,48.45,15126772.0,771087990.0,1170456802.97,4936293350.01,85164039.03999999,-21177564.69,611398721.1299999,1357096826.87,745698105.74,17778100.82,28675.6,29961.45,19473.06,19280.62,18994.29,22403.68,9965.85,5463.05,,,,,,,通信,通信服务,通信应用增值服务,50.0,51.65,52.47
sz301428,世纪恒通,2023-08-10,47.0,49.25,45.58,47.0,50.03,12715412.0,600949781.0,1099569653.0,4637333349.0,85164039.03999999,-21177564.69,611398721.1299999,1357096826.87,745698105.74,17778100.82,22767.39,24011.77,13836.36,16386.25,19489.15,15911.19,4002.08,3785.76,,,,,,,通信,通信服务,通信应用增值服务,48.1,48.02,46.99
sz301428,世纪恒通,2023-08-11,46.0,46.5,42.8,42.81,47.0,9770470.0,429061722.0,1001544188.19,4223920014.27,85164039.03999999,-21177564.69,611398721.1299999,1357096826.87,745698105.74,17778100.82,16930.34,16506.36,9323.39,11801.15,14298.53,11823.28,2342.23,2763.7,,,,,,,通信,通信服务,通信应用增值服务,43.96,43.99,43.77
sz301428,世纪恒通,2023-08-14,42.2,46.25,41.2,45.66,42.81,10420970.0,460977262.0,1068220220.34,4505120015.22,85164039.03999999,-21177564.69,611398721.1299999,1357096826.87,745698105.74,17778100.82,18950.95,20761.06,11164.91,10390.4,13961.27,13687.06,2020.59,1259.21,,,,,,,通信,通信服务,通信应用增值服务,42.1,41.72,42.31
sz301428,世纪恒通,2023-08-15,45.01,46.06,43.77,44.25,45.66,7069246.0,314709903.0,1035233130.75,4366000014.75,85164039.03999999,-21177564.69,611398721.1299999,1357096826.87,745698105.74,17778100.82,12582.17,13366.65,6452.01,8417.75,12114.54,8560.47,322.27,1126.13,,,,,,,通信,通信服务,通信应用增值服务,44.38,45.28,44.16
sz301428,世纪恒通,2023-08-16,44.32,47.6,43.93,46.69,44.25,11050630.0,507161737.0,1092317172.31,4606746682.2300005,85164039.03999999,-21177564.69,611398721.1299999,1357096826.87,745698105.74,17778100.82,21402.44,20873.18,13820.96,11020.3,13348.32,17585.64,2144.46,1237.06,,,,,,,通信,通信服务,通信应用增值服务,45.31,44.51,44.35
sz301428,世纪恒通,2023-08-17,45.3,50.66,44.2,47.63,46.69,12761143.0,610492679.0,1114308565.37,4699493349.21,85164039.03999999,-21177564.69,611398721.1299999,1357096826.87,745698105.74,17778100.82,24252.41,24523.46,15341.57,17147.18,17101.75,16875.46,4353.54,2503.16,,,,,,,通信,通信服务,通信应用增值服务,44.5,45.0,48.8
sz301428,世纪恒通,2023-08-18,46.5,47.44,44.35,45.23,47.63,8672278.0,396071046.0,1058160327.77,4462693348.41,85164039.03999999,-21177564.69,611398721.1299999,1357096826.87,745698105.74,17778100.82,17593.03,15967.75,9820.72,9531.34,11780.18,11543.03,413.17,2564.98,,,,,,,通信,通信服务,通信应用增值服务,45.05,46.21,45.47
sz301428,世纪恒通,2023-08-21,44.71,46.82,43.8,45.13,45.23,6749290.0,308091896.0,1055820817.87,4452826681.71,85164039.03999999,-21177564.69,611398721.1299999,1357096826.87,745698105.74,17778100.82,13185.04,13869.11,7456.54,7674.38,9610.92,8288.06,556.69,977.63,,,,,,,通信,通信服务,通信应用增值服务,44.99,46.31,46.15
sz301428,世纪恒通,2023-08-22,48.2,53.0,47.33,50.95,45.13,13355416.0,668317677.0,1191980294.05,5027066683.65,85164039.03999999,-21177564.69,611398721.1299999,1357096826.87,745698105.74,17778100.82,26291.14,28192.83,19393.94,19074.75,17396.07,16191.37,3750.62,3372.81,,,,,,,通信,通信服务,通信应用增值服务,49.56,51.21,48.64
sz301428,世纪恒通,2023-08-23,49.26,50.7,47.0,47.29,50.95,10857263.0,530551085.0,1106354231.71,4665946682.43,85164039.03999999,-21177564.69,611398721.1299999,1357096826.87,745698105.74,17778100.82,22282.11,20678.82,10721.04,12686.87,17676.26,14167.25,2375.71,5522.16,,,,,,,通信,通信服务,通信应用增值服务,48.75,48.33,48.34
sz301428,世纪恒通,2023-08-24,47.18,51.5,46.43,46.43,47.29,9401937.0,455541656.0,1086234446.57,4581093348.809999,85164039.03999999,-21177564.69,611398721.1299999,1357096826.87,745698105.74,17778100.82,19271.25,20119.85,11244.57,9362.64,14247.79,14032.77,790.56,2038.91,,,,,,,通信,通信服务,通信应用增值服务,48.8,50.22,48.6
sz301428,世纪恒通,2023-08-25,44.24,46.38,41.67,41.67,46.43,8839136.0,390825344.0,974873775.33,4111440013.89,84477941.26,-110230156.01,1199107865.77,1841883915.23,642776049.46,24243101.8,16142.54,17072.81,6250.6,10241.98,15097.92,10080.25,1591.47,1687.49,,,,,,,通信,通信服务,通信应用增值服务,44.78,45.34,45.0
sz301428,世纪恒通,2023-08-28,45.35,45.99,39.0,39.48,41.67,8167441.0,342811920.0,923638508.52,3895360013.16,84477941.26,-110230156.01,1199107865.77,1841883915.23,642776049.46,24243101.8,15772.37,15003.72,7370.97,6883.78,10916.62,11273.39,221.23,1120.31,,,,,,,通信,通信服务,通信应用增值服务,43.35,42.57,42.66
sz301428,世纪恒通,2023-08-29,39.19,43.65,39.06,43.02,39.48,8436885.0,356399362.0,1006457158.98,4244640014.34,84477941.26,-110230156.01,1199107865.77,1841883915.23,642776049.46,24243101.8,14606.39,15865.22,7062.69,9223.67,13668.51,10445.98,302.35,105.07,,,,,,,通信,通信服务,通信应用增值服务,40.18,42.08,42.03
sz301428,世纪恒通,2023-08-30,43.04,44.8,42.29,44.32,43.02,6729662.0,293638699.0,1036870787.68,4372906681.44,84477941.26,-110230156.01,1199107865.77,1841883915.23,642776049.46,24243101.8,11479.85,12130.01,6981.92,5606.44,10356.26,11291.2,545.84,336.23,,,,,,,通信,通信服务,通信应用增值服务,42.74,42.5,42.98
sz301428,世纪恒通,2023-08-31,43.42,45.35,43.02,44.33,44.32,5039882.0,222894278.0,1037104738.67,4373893348.11,84477941.26,-110230156.01,1199107865.77,1841883915.23,642776049.46,24243101.8,8795.44,9989.03,4828.06,4826.91,8414.83,7029.8,251.1,443.69,,,,,,,通信,通信服务,通信应用增值服务,43.51,43.69,43.71
sz301428,世纪恒通,2023-09-01,44.31,47.82,43.38,44.89,44.33,6792542.0,309924274.0,1050205994.11,4429146681.63,84477941.26,-110230156.01,1199107865.77,1841883915.23,642776049.46,24243101.8,12433.61,13433.22,7261.14,6756.5,10140.54,9916.38,1157.14,886.34,,,,,,,通信,通信服务,通信应用增值服务,43.7,43.96,46.95
sz301428,世纪恒通,2023-09-04,44.07,46.37,43.23,45.3,44.89,5538811.0,245831503.0,1059797984.7,4469600015.099999,84477941.26,-110230156.01,1199107865.77,1841883915.23,642776049.46,24243101.8,10577.47,10020.41,5038.42,4860.57,8477.88,8960.01,489.38,742.16,,,,,,,通信,通信服务,通信应用增值服务,44.28,43.93,44.27
sz301428,世纪恒通,2023-09-05,44.53,44.96,43.0,43.35,45.3,4657749.0,203310628.0,1014177541.65,4277200014.45,84477941.26,-110230156.01,1199107865.77,1841883915.23,642776049.46,24243101.8,8452.1,8059.89,2830.35,5571.04,8798.55,6078.76,250.07,621.38,,,,,,,通信,通信服务,通信应用增值服务,44.5,43.96,43.87
sz301428,世纪恒通,2023-09-06,43.02,43.2,41.72,42.29,43.35,3386793.0,143911318.0,989378736.71,4172613347.43,84477941.26,-110230156.01,1199107865.77,1841883915.23,642776049.46,24243101.8,6069.38,6252.78,1970.46,3551.47,6236.21,4194.76,115.08,392.12,,,,,,,通信,通信服务,通信应用增值服务,42.61,41.86,42.06
sz301428,世纪恒通,2023-09-07,42.05,43.9,42.05,42.39,42.29,3759220.0,162001224.0,991718246.61,4182480014.13,84477941.26,-110230156.01,1199107865.77,1841883915.23,642776049.46,24243101.8,6137.31,6364.19,3990.37,3272.64,5824.17,6461.39,248.28,101.89,,,,,,,通信,通信服务,通信应用增值服务,42.58,43.49,43.43
sz301428,世纪恒通,2023-09-08,41.9,43.11,40.82,42.8,42.39,3602597.0,150806175.0,1001310237.2,4222933347.6,84477941.26,-110230156.01,1199107865.77,1841883915.23,642776049.46,24243101.8,5619.25,6163.73,2673.84,3563.19,6476.32,5129.56,311.21,224.13,,,,,,,通信,通信服务,通信应用增值服务,41.57,41.0,41.03
sz301428,世纪恒通,2023-09-11,42.26,43.24,41.7,42.27,42.8,2913515.0,123352296.0,988910834.73,4170640014.09,84477941.26,-110230156.01,1199107865.77,1841883915.23,642776049.46,24243101.8,5694.97,4350.44,1772.52,2786.04,4739.05,4980.49,128.7,218.27,,,,,,,通信,通信服务,通信应用增值服务,41.99,42.51,42.77
sz301428,世纪恒通,2023-09-12,42.05,42.75,41.51,41.88,42.27,2346900.0,98579143.0,979786746.12,4132160013.96,84477941.26,-110230156.01,1199107865.77,1841883915.23,642776049.46,24243101.8,4205.07,4021.8,1616.35,1711.09,4036.49,3788.13,0.0,336.9,,,,,,,通信,通信服务,通信应用增值服务,42.35,42.2,42.03
sz301428,世纪恒通,2023-09-13,41.74,41.74,40.0,40.71,41.88,2218947.0,90674151.0,952414480.29,4016720013.57,84477941.26,-110230156.01,1199107865.77,1841883915.23,642776049.46,24243101.8,3501.92,3665.7,1394.7,2023.57,4170.8,2848.57,0.0,529.58,,,,,,,通信,通信服务,通信应用增值服务,41.5,41.39,40.87
sz301428,世纪恒通,2023-09-14,40.77,41.48,40.13,40.6,40.71,1806494.0,73607232.0,949841019.4,4005866680.2,84477941.26,-110230156.01,1199107865.77,1841883915.23,642776049.46,24243101.8,2828.85,3030.51,1389.94,1403.36,2982.95,2606.88,158.99,319.97,,,,,,,通信,通信服务,通信应用增值服务,40.86,41.3,41.05
sz301428,世纪恒通,2023-09-15,40.28,40.61,39.1,39.23,40.6,1955366.0,77460556.0,917789733.77,3870693346.41,84477941.26,-110230156.01,1199107865.77,1841883915.23,642776049.46,24243101.8,2883.47,3280.63,891.92,1669.78,3969.08,2795.64,1.59,0.0,,,,,,,通信,通信服务,通信应用增值服务,39.99,40.05,40.0
sz301428,世纪恒通,2023-09-18,39.22,39.88,38.82,39.57,39.23,1435943.0,56648512.0,925744067.43,3904240013.19,84477941.26,-110230156.01,1199107865.77,1841883915.23,642776049.46,24243101.8,2691.73,2083.27,627.52,615.83,2271.74,2965.75,73.87,0.0,,,,,,,通信,通信服务,通信应用增值服务,39.15,39.28,39.26
sz301428,世纪恒通,2023-09-19,39.57,39.57,38.22,38.36,39.57,1625743.0,62964052.0,897435997.64,3784853346.12,84477941.26,-110230156.01,1199107865.77,1841883915.23,642776049.46,24243101.8,2208.64,2220.21,999.52,1569.69,2857.37,2388.36,230.88,118.15,,,,,,,通信,通信服务,通信应用增值服务,39.16,39.27,39.1
sz301428,世纪恒通,2023-09-20,38.29,39.21,38.29,38.33,38.36,1459297.0,56472842.0,896734144.67,3781893346.11,84477941.26,-110230156.01,1199107865.77,1841883915.23,642776049.46,24243101.8,2023.65,1997.46,848.41,1076.45,2775.23,2573.38,0.0,0.0,,,,,,,通信,通信服务,通信应用增值服务,38.7,38.73,38.85
sz301428,世纪恒通,2023-09-21,38.48,38.7,37.75,37.8,38.33,1168400.0,44574184.0,884334742.2,3729600012.6,84477941.26,-110230156.01,1199107865.77,1841883915.23,642776049.46,24243101.8,1528.41,1713.49,490.89,480.81,2438.12,2263.11,0.0,0.0,,,,,,,通信,通信服务,通信应用增值服务,38.42,38.49,38.29
sz301428,世纪恒通,2023-09-22,37.81,39.28,37.62,39.08,37.8,1898256.0,73450491.0,914280468.92,3855893346.36,84477941.26,-110230156.01,1199107865.77,1841883915.23,642776049.46,24243101.8,2891.98,2507.55,1182.84,1221.65,3046.83,3273.17,223.4,342.67,,,,,,,通信,通信服务,通信应用增值服务,38.12,38.03,38.18
sz301428,世纪恒通,2023-09-25,38.7,39.16,38.13,38.33,39.08,1610060.0,61889488.0,896734144.67,3781893346.11,84477941.26,-110230156.01,1199107865.77,1841883915.23,642776049.46,24243101.8,2017.86,1930.89,886.24,1128.9,2899.05,2508.44,385.8,620.73,,,,,,,通信,通信服务,通信应用增值服务,38.71,38.38,38.44
sz301428,世纪恒通,2023-09-26,38.34,39.21,37.99,38.62,38.33,1641643.0,63491292.0,903518723.38,3810506679.54,84477941.26,-110230156.01,1199107865.77,1841883915.23,642776049.46,24243101.8,2682.17,2177.3,733.7,1042.22,2933.26,2964.59,0.0,165.03,,,,,,,通信,通信服务,通信应用增值服务,38.4,38.13,38.11
sz301428,世纪恒通,2023-09-27,38.88,40.38,38.09,39.49,38.62,2993985.0,117949774.0,923872459.51,3896346679.83,84477941.26,-110230156.01,1199107865.77,1841883915.23,642776049.46,24243101.8,4553.47,4186.3,2256.01,1721.72,4616.65,5724.69,360.26,153.67,,,,,,,通信,通信服务,通信应用增值服务,38.15,38.47,38.74
sz301428,世纪恒通,2023-09-28,39.69,40.13,39.15,39.87,39.49,2437640.0,96798235.0,932762597.13,3933840013.29,84477941.26,-110230156.01,1199107865.77,1841883915.23,642776049.46,24243101.8,4132.62,3348.94,1821.19,1792.69,3601.96,4407.28,112.52,119.36,,,,,,,通信,通信服务,通信应用增值服务,39.8,39.73,39.77
sz301428,世纪恒通,2023-10-09,39.5,39.68,38.71,39.5,39.87,1984458.0,77764971.0,924106410.5,3897333346.5,84477941.26,-110230156.01,1199107865.77,1841883915.23,642776049.46,24243101.8,2607.72,3187.86,922.07,1774.47,4246.71,2449.78,0.0,364.39,,,,,,,通信,通信服务,通信应用增值服务,39.26,39.25,39.27
sz301428,世纪恒通,2023-10-10,39.6,40.58,39.58,40.19,39.5,2458113.0,98314607.0,940249028.81,3965413346.73,84477941.26,-110230156.01,1199107865.77,1841883915.23,642776049.46,24243101.8,3918.34,3772.62,1946.2,1842.89,3766.03,4059.92,200.89,156.02,,,,,,,通信,通信服务,通信应用增值服务,39.99,39.81,39.72
sz301428,世纪恒通,2023-10-11,40.01,40.57,39.2,40.06,40.19,1715691.0,68501328.0,937207665.94,3952586680.02,84477941.26,-110230156.01,1199107865.77,1841883915.23,642776049.46,24243101.8,2630.41,2753.93,1155.01,1521.65,3064.71,2376.75,0.0,197.8,,,,,,,通信,通信服务,通信应用增值服务,39.58,39.59,39.84
sz301428,世纪恒通,2023-10-12,40.05,40.26,39.41,39.59,40.06,1335034.0,53016306.0,926211969.41,3906213346.53,84477941.26,-110230156.01,1199107865.77,1841883915.23,642776049.46,24243101.8,2006.08,2124.24,804.31,984.21,2491.25,2193.18,0.0,0.0,,,,,,,通信,通信服务,通信应用增值服务,39.72,39.73,39.66
sz301428,世纪恒通,2023-10-13,39.36,39.59,38.7,38.94,39.59,1520992.0,59317254.0,911005155.06,3842080012.98,84477941.26,-110230156.01,1199107865.77,1841883915.23,642776049.46,24243101.8,2166.02,2089.06,973.45,1653.09,2768.65,2052.33,23.61,137.25,,,,,,,通信,通信服务,通信应用增值服务,39.4,39.16,39.08
sz301428,世纪恒通,2023-10-16,38.95,39.38,37.5,38.27,38.94,1342660.0,51456669.0,895330438.73,3775973346.09,84477941.26,-110230156.01,1199107865.77,1841883915.23,642776049.46,24243101.8,1798.7,1948.57,800.92,1127.55,2546.04,1578.18,0.0,491.36,,,,,,,通信,通信服务,通信应用增值服务,38.55,38.74,38.85
sz301428,世纪恒通,2023-10-17,38.34,39.49,38.33,38.95,38.27,2035900.0,79453152.0,911239106.05,3843066679.65,84477941.26,-110230156.01,1199107865.77,1841883915.23,642776049.46,24243101.8,3362.41,2902.33,1174.09,1626.89,3278.35,3416.1,130.46,0.0,,,,,,,通信,通信服务,通信应用增值服务,38.84,39.34,39.0
sz301428,世纪恒通,2023-10-18,38.84,38.84,36.94,37.8,38.95,1591786.0,59821985.0,884334742.2,3729600012.6,84477941.26,-110230156.01,1199107865.77,1841883915.23,642776049.46,24243101.8,1781.07,2778.95,527.61,911.32,3590.39,2291.93,83.13,0.0,,,,,,,通信,通信服务,通信应用增值服务,37.21,37.4,37.0
sz301428,世纪恒通,2023-10-19,37.65,38.59,37.29,37.39,37.8,1267500.0,48140498.0,874742751.61,3689146679.13,84477941.26,-110230156.01,1199107865.77,1841883915.23,642776049.46,24243101.8,1626.5,1733.67,353.73,490.28,2833.82,2590.09,0.0,0.0,,,,,,,通信,通信服务,通信应用增值服务,37.63,37.95,38.27
sz301428,世纪恒通,2023-10-20,37.39,37.97,36.66,36.84,37.39,1081095.0,40193019.0,861875447.1600001,3634880012.28,84477941.26,-110230156.01,1199107865.77,1841883915.23,642776049.46,24243101.8,1396.7,1734.26,517.15,540.51,2093.31,1744.53,12.14,0.0,,,,,,,通信,通信服务,通信应用增值服务,37.59,37.91,37.41
sz301428,世纪恒通,2023-10-23,36.56,36.56,35.26,35.67,36.84,1094300.0,39187098.0,834503181.3299999,3519440011.89,84477941.26,-110230156.01,1199107865.77,1841883915.23,642776049.46,24243101.8,1461.28,1692.38,307.19,672.73,2150.24,1445.03,0.0,108.57,,,,,,,通信,通信服务,通信应用增值服务,36.17,35.96,35.74
sz301428,世纪恒通,2023-10-24,35.99,37.56,35.3,37.04,35.67,1181800.0,43303575.0,866554466.96,3654613345.68,84477941.26,-110230156.01,1199107865.77,1841883915.23,642776049.46,24243101.8,1495.29,1643.72,529.42,673.82,2195.72,2012.82,109.93,0.0,,,,,,,通信,通信服务,通信应用增值服务,35.61,36.04,36.37
sz301428,世纪恒通,2023-10-25,37.07,38.5,36.66,38.25,37.04,1632200.0,61884791.0,894862536.75,3774000012.75,85706360.26999998,-128496115.63,1216233939.04,1840127621.9,623893682.86,17295619.43,2253.37,2268.88,1155.54,782.65,2658.97,3136.95,120.6,0.0,,,,,,,通信,通信服务,通信应用增值服务,37.49,37.27,37.47
sz301428,世纪恒通,2023-10-26,37.98,38.56,37.7,38.38,38.25,1275575.0,48580617.0,897903899.62,3786826679.46,85706360.26999998,-128496115.63,1216233939.04,1840127621.9,623893682.86,17295619.43,1885.03,1721.48,500.23,702.18,2419.07,2434.4,53.73,0.0,,,,,,,通信,通信服务,通信应用增值服务,37.86,38.18,38.11
sz301428,世纪恒通,2023-10-27,38.0,38.43,37.55,38.24,38.38,1273967.0,48476273.0,894628585.76,3773013346.08,85706360.26999998,-128496115.63,1216233939.04,1840127621.9,623893682.86,17295619.43,1926.83,1805.71,423.26,733.42,2497.54,2308.5,0.0,0.0,,,,,,,通信,通信服务,通信应用增值服务,37.96,37.9,37.86
sz301428,世纪恒通,2023-10-30,37.9,38.99,37.72,38.92,38.24,1539345.0,59294809.0,910537253.08,3840106679.64,85706360.26999998,-128496115.63,1216233939.04,1840127621.9,623893682.86,17295619.43,2395.17,2061.68,1119.64,825.19,2414.68,3042.6,0.0,0.0,,,,,,,通信,通信服务,通信应用增值服务,37.82,38.3,38.24
sz301428,世纪恒通,2023-10-31,38.92,39.33,38.0,38.2,38.92,1445861.0,55923002.0,893692781.8,3769066679.4,85706360.26999998,-128496115.63,1216233939.04,1840127621.9,623893682.86,17295619.43,2449.07,2396.19,560.8,769.81,2423.94,2142.48,158.49,283.82,,,,,,,通信,通信服务,通信应用增值服务,38.94,38.92,39.02
sz301428,世纪恒通,2023-11-01,38.16,38.58,37.75,37.87,38.2,934440.0,35528662.0,885972399.13,3736506679.29,85706360.26999998,-128496115.63,1216233939.04,1840127621.9,623893682.86,17295619.43,1261.79,1531.6,342.12,449.84,1793.33,1415.79,0.0,0.0,,,,,,,通信,通信服务,通信应用增值服务,38.56,38.34,38.0
sz301428,世纪恒通,2023-11-02,37.88,38.42,37.22,37.24,37.87,1039200.0,39084654.0,871233486.76,3674346679.08,85706360.26999998,-128496115.63,1216233939.04,1840127621.9,623893682.86,17295619.43,1804.85,1335.38,278.38,795.47,1825.23,1777.62,0.0,0.0,,,,,,,通信,通信服务,通信应用增值服务,38.09,37.86,37.66
sz301428,世纪恒通,2023-11-03,37.37,38.15,37.3,37.94,37.24,1145588.0,43405234.0,887610056.0600001,3743413345.98,85706360.26999998,-128496115.63,1216233939.04,1840127621.9,623893682.86,17295619.43,1675.61,1433.64,412.08,486.78,2118.76,2105.0,134.07,315.1,,,,,,,通信,通信服务,通信应用增值服务,37.49,37.65,37.73
sz301428,世纪恒通,2023-11-06,38.02,39.15,38.02,39.12,37.94,1456540.0,56529933.0,915216272.88,3859840013.04,85706360.26999998,-128496115.63,1216233939.04,1840127621.9,623893682.86,17295619.43,2263.69,2090.27,1051.18,1072.96,2289.63,2489.76,48.48,0.0,,,,,,,通信,通信服务,通信应用增值服务,38.48,38.53,38.32
sz301428,世纪恒通,2023-11-07,39.08,39.95,38.8,39.78,39.12,2131833.0,84246855.0,930657038.22,3924960013.26,85706360.26999998,-128496115.63,1216233939.04,1840127621.9,623893682.86,17295619.43,3376.63,2995.7,1571.9,1099.57,2973.46,3544.22,502.69,785.19,,,,,,,通信,通信服务,通信应用增值服务,39.06,39.19,39.0
sz301428,世纪恒通,2023-11-08,39.77,40.05,39.26,39.65,39.78,1833492.0,72821148.0,927615675.35,3912133346.55,85706360.26999998,-128496115.63,1216233939.04,1840127621.9,623893682.86,17295619.43,2822.47,3003.14,1580.05,1361.75,2879.59,2727.16,0.0,190.06,,,,,,,通信,通信服务,通信应用增值服务,39.77,39.56,39.78
sz301428,世纪恒通,2023-11-09,39.64,40.43,39.31,39.65,39.65,1721600.0,68650790.0,927615675.35,3912133346.55,85706360.26999998,-128496115.63,1216233939.04,1840127621.9,623893682.86,17295619.43,3063.18,2977.72,1252.5,1192.4,2549.41,2694.96,0.0,0.0,,,,,,,通信,通信服务,通信应用增值服务,40.06,40.36,39.95
sz301428,世纪恒通,2023-11-10,39.59,39.64,38.76,38.82,39.65,1235918.0,48305870.0,908197743.18,3830240012.94,85706360.26999998,-128496115.63,1216233939.04,1840127621.9,623893682.86,17295619.43,1796.65,1949.93,556.2,840.15,2435.34,2040.51,42.4,0.0,,,,,,,通信,通信服务,通信应用增值服务,39.22,39.4,39.53
sz301428,世纪恒通,2023-11-13,38.85,40.1,38.7,40.05,38.82,1918130.0,76279028.0,936973714.95,3951600013.35,85706360.26999998,-128496115.63,1216233939.04,1840127621.9,623893682.86,17295619.43,3221.82,2991.22,1546.32,1368.36,2859.77,2705.13,0.0,563.2,,,,,,,通信,通信服务,通信应用增值服务,39.28,39.56,39.98
sz301428,世纪恒通,2023-11-14,40.47,40.88,40.06,40.86,40.05,2459600.0,99664405.0,955923745.14,4031520013.62,85706360.26999998,-128496115.63,1216233939.04,1840127621.9,623893682.86,17295619.43,3805.71,3975.17,2347.84,2531.99,3097.48,2732.92,715.42,726.36,,,,,,,通信,通信服务,通信应用增值服务,40.57,40.66,40.41
sz301428,世纪恒通,2023-11-15,40.38,40.98,39.86,39.91,40.86,2177000.0,87587461.0,933698401.09,3937786679.97,85706360.26999998,-128496115.63,1216233939.04,1840127621.9,623893682.86,17295619.43,3839.62,3289.23,1314.02,2474.19,3207.41,2649.11,128.07,76.59,,,,,,,通信,通信服务,通信应用增值服务,40.64,40.7,40.46
sz301428,世纪恒通,2023-11-16,39.99,45.13,39.95,43.44,39.91,10831004.0,462040944.0,1016283100.56,4286080014.48,85706360.26999998,-128496115.63,1216233939.04,1840127621.9,623893682.86,17295619.43,17975.52,19163.65,11745.09,8635.76,12264.06,16970.9,4219.42,1433.78,,,,,,,通信,通信服务,通信应用增值服务,41.34,42.11,42.33
sz301428,世纪恒通,2023-11-17,44.0,44.98,41.47,41.99,43.44,8618100.0,362419671.0,982360207.01,4143013347.33,85706360.26999998,-128496115.63,1216233939.04,1840127621.9,623893682.86,17295619.43,15940.48,13513.33,9551.78,6390.16,9743.76,12832.52,1005.94,3505.96,,,,,,,通信,通信服务,通信应用增值服务,42.37,41.78,42.1
sz301428,世纪恒通,2023-11-20,41.55,42.09,40.74,41.76,41.99,6492118.0,267929776.0,1030080013.92,4120320013.92,85706360.26999998,-128496115.63,1216233939.04,1840127621.9,623893682.86,17295619.43,12214.07,10468.35,6245.97,5321.29,7478.51,10326.31,854.43,677.03,,,,,,,通信,通信服务,通信应用增值服务,41.07,41.03,40.85
sz301428,世纪恒通,2023-11-21,41.61,43.56,41.28,43.18,41.76,10087392.0,429456070.0,1065106681.06,4260426681.06,85706360.26999998,-128496115.63,1216233939.04,1840127621.9,623893682.86,17295619.43,18764.47,17549.24,11938.49,9676.66,9965.45,12545.18,2277.2,3174.53,,,,,,,通信,通信服务,通信应用增值服务,41.65,41.85,41.99
sz301428,世纪恒通,2023-11-22,43.86,49.6,43.25,46.35,43.18,14249294.0,656087518.0,1143300015.45,4573200015.45,85706360.26999998,-128496115.63,1216233939.04,1840127621.9,623893682.86,17295619.43,25034.57,27421.04,19706.52,19296.08,14360.4,15857.51,6507.26,3034.12,,,,,,,通信,通信服务,通信应用增值服务,43.78,44.5,46.95
sz301428,世纪恒通,2023-11-23,44.11,45.0,42.11,43.64,46.35,9730890.0,423389545.0,1076453347.88,4305813347.88,85706360.26999998,-128496115.63,1216233939.04,1840127621.9,623893682.86,17295619.43,15503.76,15575.27,11143.54,12157.09,10097.28,9307.05,5594.38,5299.54,,,,,,,通信,通信服务,通信应用增值服务,43.2,43.15,42.8
sz301428,世纪恒通,2023-11-24,44.45,44.98,42.42,44.1,43.64,8228606.0,360092497.0,1087800014.7,4351200014.7,85706360.26999998,-128496115.63,1216233939.04,1840127621.9,623893682.86,17295619.43,16030.63,15087.85,8565.14,9280.88,9759.95,8261.21,1653.53,3379.31,,,,,,,通信,通信服务,通信应用增值服务,44.49,44.58,43.9
sz301428,世纪恒通,2023-11-27,43.49,46.24,43.09,45.28,44.1,7597280.0,341229543.0,1116906681.76,4467626681.76,85706360.26999998,-128496115.63,1216233939.04,1840127621.9,623893682.86,17295619.43,15467.0,14948.64,8315.1,9411.87,8887.44,8444.2,1453.41,1318.25,,,,,,,通信,通信服务,通信应用增值服务,46.01,45.32,45.48
sz301428,世纪恒通,2023-11-28,44.8,44.89,42.12,42.32,45.28,6716379.0,291672644.0,1043893347.44,4175573347.44,85706360.26999998,-128496115.63,1216233939.04,1840127621.9,623893682.86,17295619.43,13402.06,12147.08,6123.09,8319.02,9499.71,6671.98,142.41,2029.18,,,,,,,通信,通信服务,通信应用增值服务,44.02,43.95,44.06
sz301428,世纪恒通,2023-11-29,41.88,42.05,40.39,40.58,42.32,5514533.0,226716199.0,1000973346.86,4003893346.86,85706360.26999998,-128496115.63,1216233939.04,1840127621.9,623893682.86,17295619.43,11298.82,9745.1,4726.97,7285.32,6343.38,4647.0,302.45,994.19,,,,,,,通信,通信服务,通信应用增值服务,41.79,41.05,41.15
sz301428,世纪恒通,2023-11-30,40.19,40.74,38.53,39.0,40.58,4147431.0,163214002.0,962000013.0,3848000013.0,85706360.26999998,-128496115.63,1216233939.04,1840127621.9,623893682.86,17295619.43,6713.86,7202.61,3204.35,3938.65,6068.65,4295.84,334.54,884.3,,,,,,,通信,通信服务,通信应用增值服务,40.59,39.94,39.4
sz301428,世纪恒通,2023-12-01,38.97,41.14,38.7,40.8,39.0,4373548.0,175826313.0,1006400013.6,4025600013.6,85706360.26999998,-128496115.63,1216233939.04,1840127621.9,623893682.86,17295619.43,7201.22,8077.23,3112.82,3465.68,7131.51,5703.66,137.09,336.06,,,,,,,通信,通信服务,通信应用增值服务,39.16,39.38,39.7
sz301428,世纪恒通,2023-12-04,40.6,42.68,40.43,41.55,40.8,4154401.0,173722115.0,1024900013.85,4099600013.85,85706360.26999998,-128496115.63,1216233939.04,1840127621.9,623893682.86,17295619.43,7376.72,8073.58,3242.3,4342.84,6442.33,4848.97,310.86,106.82,,,,,,,通信,通信服务,通信应用增值服务,41.14,41.73,42.54
sz301428,世纪恒通,2023-12-05,41.09,42.39,39.7,39.76,41.55,3240307.0,133184762.0,980746679.92,3922986679.92,85706360.26999998,-128496115.63,1216233939.04,1840127621.9,623893682.86,17295619.43,6127.51,6060.6,2139.82,2969.03,4926.3,3569.13,124.85,719.72,,,,,,,通信,通信服务,通信应用增值服务,41.92,41.94,41.44
sz301428,世纪恒通,2023-12-06,40.66,40.66,38.91,39.7,39.76,2952514.0,116861882.0,979266679.9,3917066679.9,85706360.26999998,-128496115.63,1216233939.04,1840127621.9,623893682.86,17295619.43,4650.43,4942.6,2162.71,1773.62,4873.05,4969.97,0.0,0.0,,,,,,,通信,通信服务,通信应用增值服务,39.78,39.5,39.56
sz301428,世纪恒通,2023-12-07,39.32,41.18,39.22,40.83,39.7,3153111.0,127189107.0,1007140013.61,4028560013.61,85706360.26999998,-128496115.63,1216233939.04,1840127621.9,623893682.86,17295619.43,5336.85,5456.62,2576.52,2431.25,4533.36,4447.33,272.18,383.72,,,,,,,通信,通信服务,通信应用增值服务,39.91,39.83,39.87
sz301428,世纪恒通,2023-12-08,40.7,41.28,39.9,40.61,40.83,2887197.0,116893972.0,1001713346.87,4006853346.87,85706360.26999998,-128496115.63,1216233939.04,1840127621.9,623893682.86,17295619.43,5869.72,5296.97,2264.92,1770.05,3554.76,4543.28,0.0,79.1,,,,,,,通信,通信服务,通信应用增值服务,40.53,40.86,40.61
sz301428,世纪恒通,2023-12-11,40.28,43.75,40.28,43.13,40.61,6676518.0,282797173.0,1063873347.71,4255493347.71,85706360.26999998,-128496115.63,1216233939.04,1840127621.9,623893682.86,17295619.43,11867.06,13058.92,7631.18,6483.7,6899.57,8234.3,1881.91,502.8,,,,,Y,,通信,通信服务,通信应用增值服务,41.9,42.35,42.15
sz301428,世纪恒通,2023-12-12,43.0,44.49,42.48,43.75,43.13,6262391.0,272159069.0,1079166681.25,4316666681.25,85706360.26999998,-128496115.63,1216233939.04,1840127621.9,623893682.86,17295619.43,10984.47,10670.65,6373.69,7487.41,7841.77,7240.75,2015.99,1817.1,,,,,Y,,通信,通信服务,通信应用增值服务,42.83,43.15,43.15
sz301428,世纪恒通,2023-12-13,43.7,44.12,42.5,42.79,43.75,3885085.0,168124616.0,1055486680.93,4221946680.93,85706360.26999998,-128496115.63,1216233939.04,1840127621.9,623893682.86,17295619.43,6639.72,6735.22,3649.05,4713.94,6059.5,3860.75,464.19,1502.55,,,,,Y,,通信,通信服务,通信应用增值服务,43.33,43.5,43.31
sz301428,世纪恒通,2023-12-14,42.63,43.2,41.7,41.87,42.79,3022972.0,127905755.0,1032793347.29,4131173347.29,85706360.26999998,-128496115.63,1216233939.04,1840127621.9,623893682.86,17295619.43,5338.11,6033.92,2458.47,2739.07,4591.99,3094.05,402.01,923.53,,,,,Y,,通信,通信服务,通信应用增值服务,42.79,42.82,42.77
sz301428,世纪恒通,2023-12-15,42.0,42.28,40.78,41.32,41.87,2280125.0,94334344.0,1019226680.44,4076906680.44,85706360.26999998,-128496115.63,1216233939.04,1840127621.9,623893682.86,17295619.43,3909.25,4281.68,1528.38,2667.84,3776.43,2483.91,219.37,0.0,,,,,Y,,通信,通信服务,通信应用增值服务,41.44,41.03,40.8
sz301428,世纪恒通,2023-12-18,41.49,42.79,40.83,40.87,41.32,2826528.0,117520439.0,1008126680.29,4032506680.29,85706360.26999998,-128496115.63,1216233939.04,1840127621.9,623893682.86,17295619.43,5523.89,4901.04,1821.15,2715.76,4407.01,4110.64,0.0,24.61,,,,,Y,,通信,通信服务,通信应用增值服务,41.8,42.39,42.3
sz301428,世纪恒通,2023-12-19,41.08,41.97,40.71,41.65,40.87,2122369.0,87993258.0,1027366680.55,4109466680.55,85706360.26999998,-128496115.63,1216233939.04,1840127621.9,623893682.86,17295619.43,4430.07,4017.95,1440.77,1851.73,2928.48,2820.04,0.0,109.61,,,,,Y,,通信,通信服务,通信应用增值服务,41.39,41.29,41.14
sz301428,世纪恒通,2023-12-20,41.65,42.4,41.02,41.02,41.65,2237622.0,93095344.0,1011826680.34,4047306680.34,85706360.26999998,-128496115.63,1216233939.04,1840127621.9,623893682.86,17295619.43,4271.07,4483.11,1727.99,1701.92,3310.47,3124.51,0.0,0.0,,,,,Y,,通信,通信服务,通信应用增值服务,41.55,41.45,41.66
sz301428,世纪恒通,2023-12-21,40.8,41.38,39.98,40.87,41.02,2530750.0,102944691.0,1008126680.29,4032506680.29,85706360.26999998,-128496115.63,1216233939.04,1840127621.9,623893682.86,17295619.43,4484.3,4593.91,1661.55,2274.58,4096.66,3325.21,51.97,100.76,,,,,Y,,通信,通信服务,通信应用增值服务,41.11,40.42,40.22
sz301428,世纪恒通,2023-12-22,40.76,40.97,38.5,38.6,40.87,3249246.0,128064097.0,952133346.2,3808533346.2,85706360.26999998,-128496115.63,1216233939.04,1840127621.9,623893682.86,17295619.43,5325.69,5800.66,1552.16,2500.77,5777.69,4504.98,150.86,0.0,,,,,Y,,通信,通信服务,通信应用增值服务,40.2,40.02,40.23
sz301428,世纪恒通,2023-12-25,38.6,39.4,37.81,38.0,38.6,1677883.0,64085816.0,937333346.0,3749333346.0,85706360.26999998,-128496115.63,1216233939.04,1840127621.9,623893682.86,17295619.43,2253.8,2387.6,645.77,906.42,3509.01,3114.56,0.0,0.0,,,,,Y,,通信,通信服务,通信应用增值服务,38.77,38.04,37.92
sz301428,世纪恒通,2023-12-26,38.0,38.15,36.43,36.71,38.0,1660149.0,61234391.0,905513345.57,3622053345.57,85706360.26999998,-128496115.63,1216233939.04,1840127621.9,623893682.86,17295619.43,2284.13,2644.44,730.77,1366.76,2728.72,2112.24,379.81,0.0,,,,,Y,,通信,通信服务,通信应用增值服务,37.38,37.12,36.9
sz301428,世纪恒通,2023-12-27,36.7,37.32,36.68,37.01,36.71,1154332.0,42696606.0,912913345.67,3651653345.67,85706360.26999998,-128496115.63,1216233939.04,1840127621.9,623893682.86,17295619.43,1839.02,1885.26,708.86,303.93,1721.79,1958.33,0.0,122.13,,,,,Y,,通信,通信服务,通信应用增值服务,36.73,36.83,36.8
sz301428,世纪恒通,2023-12-28,36.95,37.87,36.06,37.61,37.01,1807804.0,67399295.0,927713345.87,3710853345.87,85706360.26999998,-128496115.63,1216233939.04,1840127621.9,623893682.86,17295619.43,2450.36,2794.15,1405.37,1026.53,2582.34,2698.2,301.86,221.04,,,,,Y,,通信,通信服务,通信应用增值服务,36.38,36.54,36.62
sz301428,世纪恒通,2023-12-29,37.61,38.97,37.55,38.65,37.61,1773165.0,68224395.0,953366679.55,3813466679.55,85706360.26999998,-128496115.63,1216233939.04,1840127621.9,623893682.86,17295619.43,2643.11,2994.73,1144.2,1225.33,2924.68,2602.38,110.45,0.0,,,,,Y,,通信,通信服务,通信应用增值服务,38.1,38.12,37.94
sz301428,世纪恒通,2024-01-02,38.78,39.18,37.43,37.5,38.65,1936740.0,73692291.0,925000012.5,3700000012.5,85706360.26999998,-128496115.63,1216233939.04,1840127621.9,623893682.86,17295619.43,2682.87,2670.48,1477.32,1854.87,3181.63,2489.68,27.41,354.2,,,,,Y,,通信,通信服务,通信应用增值服务,38.89,38.43,38.15
sz301428,世纪恒通,2024-01-03,37.4,37.5,36.56,36.9,37.5,1347203.0,49745421.0,910200012.3,3640800012.3,85706360.26999998,-128496115.63,1216233939.04,1840127621.9,623893682.86,17295619.43,2108.18,1807.65,417.21,897.67,2295.38,2139.43,153.76,129.79,,,,,Y,,通信,通信服务,通信应用增值服务,37.1,37.14,37.2
sz301428,世纪恒通,2024-01-04,36.98,37.32,36.25,36.97,36.9,1243825.0,45838617.0,911926678.99,3647706678.99,85706360.26999998,-128496115.63,1216233939.04,1840127621.9,623893682.86,17295619.43,1920.0,1725.21,589.73,710.75,1870.76,2038.67,203.37,109.23,,,,,Y,,通信,通信服务,通信应用增值服务,36.34,36.4,36.79
sz301428,世纪恒通,2024-01-05,37.51,39.27,37.08,38.11,36.97,4228357.0,161414830.0,940046679.37,3760186679.37,85706360.26999998,-128496115.63,1216233939.04,1840127621.9,623893682.86,17295619.43,6725.64,5582.89,3519.3,2751.93,5357.84,7616.4,538.7,190.26,,,,,Y,,通信,通信服务,通信应用增值服务,37.51,37.44,37.51
sz301428,世纪恒通,2024-01-08,38.39,39.51,37.08,38.27,38.11,3544587.0,136122938.0,943993346.09,3775973346.09,85706360.26999998,-128496115.63,1216233939.04,1840127621.9,623893682.86,17295619.43,5344.48,5455.32,2747.64,2241.08,4901.49,5915.89,618.69,0.0,,,,,Y,,通信,通信服务,通信应用增值服务,37.51,37.26,37.46
sz301428,世纪恒通,2024-01-09,38.27,38.85,36.96,37.08,38.27,3104901.0,117722234.0,914640012.36,3658560012.36,85706360.26999998,-128496115.63,1216233939.04,1840127621.9,623893682.86,17295619.43,4640.02,4166.16,2690.83,2453.21,4269.27,4079.06,172.1,1073.79,,,,,Y,,通信,通信服务,通信应用增值服务,38.14,38.42,38.32
sz301428,世纪恒通,2024-01-10,37.45,37.45,35.38,35.66,37.08,2361975.0,85194546.0,879613345.22,3518453345.22,85706360.26999998,-128496115.63,1216233939.04,1840127621.9,623893682.86,17295619.43,2673.16,3321.61,1251.25,1731.45,4188.09,2978.43,406.96,487.96,,,,,Y,,通信,通信服务,通信应用增值服务,35.47,35.46,35.82
sz301428,世纪恒通,2024-01-11,35.62,37.78,35.62,37.72,35.66,2462734.0,91428762.0,930426679.24,3721706679.24,85706360.26999998,-128496115.63,1216233939.04,1840127621.9,623893682.86,17295619.43,3134.05,3770.45,843.92,1111.05,5164.91,4261.38,0.0,0.0,,,,,Y,,通信,通信服务,通信应用增值服务,36.96,36.72,36.73
sz301428,世纪恒通,2024-01-12,37.72,38.23,36.71,37.48,37.72,2059062.0,77200910.0,924506679.16,3698026679.16,85706360.26999998,-128496115.63,1216233939.04,1840127621.9,623893682.86,17295619.43,2780.51,2947.25,986.97,1026.42,3952.61,3720.33,0.0,26.09,,,,,Y,,通信,通信服务,通信应用增值服务,37.56,37.44,37.42
sz301428,世纪恒通,2024-01-15,37.43,37.47,36.02,36.1,37.48,1834907.0,66943062.0,890466678.7,3561866678.7,85706360.26999998,-128496115.63,1216233939.04,1840127621.9,623893682.86,17295619.43,2817.24,1973.67,723.74,1100.53,3153.34,3504.23,0.0,115.88,,,,,Y,,通信,通信服务,通信应用增值服务,37.11,36.64,36.53
sz301428,世纪恒通,2024-01-16,36.07,36.17,34.66,35.8,36.1,1675482.0,59258812.0,883066678.6,3532266678.6,85706360.26999998,-128496115.63,1216233939.04,1840127621.9,623893682.86,17295619.43,2179.01,2584.69,567.18,844.99,2994.16,2394.27,185.53,101.94,,,,,Y,,通信,通信服务,通信应用增值服务,35.65,35.34,35.69
sz301428,世纪恒通,2024-01-17,35.57,35.67,34.6,34.6,35.8,1000619.0,35145980.0,853466678.2,3413866678.2,85706360.26999998,-128496115.63,1216233939.04,1840127621.9,623893682.86,17295619.43,1380.48,1531.9,310.23,693.03,1777.83,1287.23,46.06,2.44,,,,,Y,,通信,通信服务,通信应用增值服务,35.33,35.32,35.4
sz301428,世纪恒通,2024-01-18,34.7,34.94,33.83,34.79,34.6,1666098.0,57227755.0,858153344.9300001,3432613344.93,85706360.26999998,-128496115.63,1216233939.04,1840127621.9,623893682.86,17295619.43,1823.41,1902.19,1473.08,924.57,2263.04,2117.33,163.24,778.69,,,,,Y,,通信,通信服务,通信应用增值服务,34.56,34.32,34.38
sz301428,世纪恒通,2024-01-19,34.77,35.08,33.9,33.9,34.79,1309249.0,45157028.0,836200011.3000001,3344800011.3,85706360.26999998,-128496115.63,1216233939.04,1840127621.9,623893682.86,17295619.43,1797.83,2126.58,692.43,367.65,1889.49,2021.47,135.94,0.0,,,,,Y,,通信,通信服务,通信应用增值服务,34.76,34.9,34.73
sz301428,世纪恒通,2024-01-22,33.9,34.0,30.35,30.92,33.9,2114531.0,68220549.0,762693343.64,3050773343.64,85706360.26999998,-128496115.63,1216233939.04,1840127621.9,623893682.86,17295619.43,2787.31,2937.04,1017.36,1623.49,3017.39,2059.68,0.0,201.84,,,,,Y,,通信,通信服务,通信应用增值服务,33.4,33.3,33.01
sz301428,世纪恒通,2024-01-23,30.95,31.71,30.62,31.4,30.92,1482984.0,46169472.0,774533343.8,3098133343.8,85706360.26999998,-128496115.63,1216233939.04,1840127621.9,623893682.86,17295619.43,1846.47,1847.47,591.11,364.87,2179.37,2404.61,0.0,0.0,,,,,Y,,通信,通信服务,通信应用增值服务,30.9,30.92,30.65
sz301428,世纪恒通,2024-01-24,31.88,31.88,30.42,31.63,31.4,1292885.0,40282757.0,780206677.21,3120826677.21,85706360.26999998,-128496115.63,1216233939.04,1840127621.9,623893682.86,17295619.43,1659.88,1711.27,378.59,614.2,1989.8,1702.8,0.0,0.0,,,,,Y,,通信,通信服务,通信应用增值服务,31.33,31.4,31.52
sz301428,世纪恒通,2024-01-25,31.6,32.82,31.05,32.76,31.63,1563176.0,50278952.0,808080010.9200001,3232320010.92,85706360.26999998,-128496115.63,1216233939.04,1840127621.9,623893682.86,17295619.43,2316.3,2159.52,558.53,476.37,2153.06,2274.39,0.0,117.62,,,,,Y,,通信,通信服务,通信应用增值服务,31.51,31.47,31.26
sz301428,世纪恒通,2024-01-26,32.85,33.68,32.45,32.47,32.76,1607062.0,53166273.0,800926677.49,3203706677.49,85706360.26999998,-128496115.63,1216233939.04,1840127621.9,623893682.86,17295619.43,2260.33,2415.7,537.64,566.55,2479.78,2334.38,38.89,0.0,,,,,Y,,通信,通信服务,通信应用增值服务,33.22,33.05,33.21
sz301428,世纪恒通,2024-01-29,33.01,33.24,31.59,31.59,32.47,1419400.0,45721175.0,779220010.53,3116880010.53,85706360.26999998,-128496115.63,1216233939.04,1840127621.9,623893682.86,17295619.43,1678.62,1913.52,432.86,526.84,2360.54,2031.58,100.1,100.17,,,,,Y,,通信,通信服务,通信应用增值服务,32.7,32.43,32.43
sz301428,世纪恒通,2024-01-30,30.91,31.8,30.02,30.12,31.59,1448018.0,44276301.0,742960010.0400001,2971840010.04,85706360.26999998,-128496115.63,1216233939.04,1840127621.9,623893682.86,17295619.43,1798.03,1545.72,312.67,782.49,2316.94,1927.64,0.0,171.78,,,,,Y,,通信,通信服务,通信应用增值服务,30.81,30.65,30.89
sz301428,世纪恒通,2024-01-31,30.0,30.49,27.36,27.36,30.12,2572246.0,73076268.0,674880009.12,2699520009.1200004,85706360.26999998,-128496115.63,1216233939.04,1840127621.9,623893682.86,17295619.43,2812.18,2713.11,1014.76,1357.03,3480.69,2447.75,0.0,789.73,,,,,Y,,通信,通信服务,通信应用增值服务,30.39,29.69,29.55
sz301428,世纪恒通,2024-02-01,27.28,28.42,26.73,27.85,27.36,1638601.0,45276017.0,686966675.95,2747866675.9500003,85706360.26999998,-128496115.63,1216233939.04,1840127621.9,623893682.86,17295619.43,1608.18,1971.5,558.02,343.23,2361.4,2212.87,0.0,0.0,,,,,Y,,通信,通信服务,通信应用增值服务,27.59,27.14,27.21
sz301428,世纪恒通,2024-02-02,27.82,28.79,25.04,26.1,27.85,1919181.0,51422527.0,643800008.7,2575200008.7,85706360.26999998,-128496115.63,1216233939.04,1840127621.9,623893682.86,17295619.43,1832.65,1945.73,516.09,962.99,2793.51,2233.53,0.0,0.0,,,,,Y,,通信,通信服务,通信应用增值服务,28.35,28.1,27.83
sz301428,世纪恒通,2024-02-05,25.49,25.76,21.72,22.45,26.1,2458759.0,56684257.0,553766674.15,2215066674.15,85706360.26999998,-128496115.63,1216233939.04,1840127621.9,623893682.86,17295619.43,2195.49,1708.41,734.78,861.3,2738.16,3098.72,0.0,0.0,,,,,Y,,通信,通信服务,通信应用增值服务,24.0,23.6,23.13
sz301428,世纪恒通,2024-02-06,22.2,23.78,20.25,23.06,22.45,2598232.0,57189118.0,568813341.02,2275253341.02,85706360.26999998,-128496115.63,1216233939.04,1840127621.9,623893682.86,17295619.43,2047.76,1836.01,967.95,833.82,2703.21,3049.08,0.0,0.0,,,,,Y,,通信,通信服务,通信应用增值服务,21.18,20.31,21.46
sz301428,世纪恒通,2024-02-07,23.28,23.39,20.68,21.01,23.06,3346723.0,73723959.0,518246673.67,2072986673.67,85706360.26999998,-128496115.63,1216233939.04,1840127621.9,623893682.86,17295619.43,2884.21,2843.93,1109.79,821.48,3262.55,3706.98,115.85,0.0,,,,,Y,,通信,通信服务,通信应用增值服务,22.48,22.43,22.66
sz301428,世纪恒通,2024-02-08,21.04,24.0,20.81,23.97,21.01,3290159.0,73665543.0,591260007.99,2365040007.99,85706360.26999998,-128496115.63,1216233939.04,1840127621.9,623893682.86,17295619.43,2860.05,2728.33,1170.16,768.58,2934.2,3470.95,402.14,398.7,,,,,Y,,通信,通信服务,通信应用增值服务,21.1,21.36,21.15
sz301428,世纪恒通,2024-02-19,24.27,25.67,24.25,25.63,23.97,3499087.0,87910307.0,632206675.21,2528826675.21,85706360.26999998,-128496115.63,1216233939.04,1840127621.9,623893682.86,17295619.43,2972.76,3353.16,2028.86,2238.51,3692.77,3097.39,96.63,101.97,,,,,Y,,通信,通信服务,通信应用增值服务,24.5,25.06,24.98
sz301428,世纪恒通,2024-02-20,25.33,26.67,25.0,26.25,25.63,2938213.0,76234360.0,647500008.75,2590000008.75,85706360.26999998,-128496115.63,1216233939.04,1840127621.9,623893682.86,17295619.43,3040.47,3096.13,1190.92,1260.53,3392.05,3266.78,0.0,0.0,,,,,Y,,通信,通信服务,通信应用增值服务,25.0,25.49,25.51
sz301428,世纪恒通,2024-02-21,25.83,27.4,25.65,26.12,26.25,2816237.0,74713483.0,644293342.04,2577173342.04,85706360.26999998,-128496115.63,1216233939.04,1840127621.9,623893682.86,17295619.43,3009.01,3031.55,1050.58,1639.65,3307.35,2674.31,104.41,125.83,,,,,Y,,通信,通信服务,通信应用增值服务,25.8,26.09,26.1
sz301428,世纪恒通,2024-02-22,26.12,27.55,26.12,27.5,26.12,3077400.0,83505159.0,678333342.5,2713333342.5,85706360.26999998,-128496115.63,1216233939.04,1840127621.9,623893682.86,17295619.43,3331.63,3673.83,1437.31,1051.84,3419.93,3497.42,161.64,127.42,,,,,Y,,通信,通信服务,通信应用增值服务,27.32,26.93,27.12
sz301428,世纪恒通,2024-02-23,27.91,29.49,27.45,29.43,27.5,3813170.0,108825296.0,725940009.8100001,2903760009.8100004,85706360.26999998,-128496115.63,1216233939.04,1840127621.9,623893682.86,17295619.43,4557.49,4747.1,2070.02,1519.74,4061.74,4615.69,193.27,0.0,,,,,Y,,通信,通信服务,通信应用增值服务,27.85,27.97,28.25
sz301428,世纪恒通,2024-02-26,29.13,29.81,28.3,29.12,29.43,3485424.0,101309061.0,718293343.0400001,2873173343.04,85706360.26999998,-128496115.63,1216233939.04,1840127621.9,623893682.86,17295619.43,3855.13,4021.22,1501.07,2054.99,4368.17,3556.0,406.54,498.69,,,,,Y,,通信,通信服务,通信应用增值服务,28.7,28.82,28.79
sz301428,世纪恒通,2024-02-27,29.1,31.05,28.71,30.89,29.12,3455139.0,103834819.0,761953343.63,3047813343.63,85706360.26999998,-128496115.63,1216233939.04,1840127621.9,623893682.86,17295619.43,4385.42,4022.56,1777.52,1342.97,3921.24,4717.51,299.29,300.44,,,,,Y,,通信,通信服务,通信应用增值服务,29.4,29.53,29.43
sz301428,世纪恒通,2024-02-28,30.77,31.64,27.44,27.51,30.89,4799804.0,143282382.0,678580009.17,2714320009.17,85706360.26999998,-128496115.63,1216233939.04,1840127621.9,623893682.86,17295619.43,6250.65,6294.0,1846.77,2612.81,6117.89,5339.99,112.92,81.44,,,,,Y,,通信,通信服务,通信应用增值服务,30.73,31.49,31.11
sz301428,世纪恒通,2024-02-29,27.08,29.2,26.68,28.83,27.51,3376626.0,95882869.0,711140009.61,2844560009.61,85706360.26999998,-128496115.63,1216233939.04,1840127621.9,623893682.86,17295619.43,3746.68,3629.34,1310.81,1222.21,4413.29,4318.97,117.51,417.77,,,,,Y,,通信,通信服务,通信应用增值服务,28.2,28.53,28.42
sz301428,世纪恒通,2024-03-01,28.77,29.64,28.5,29.48,28.83,2535288.0,74168171.0,727173343.16,2908693343.16,85706360.26999998,-128496115.63,1216233939.04,1840127621.9,623893682.86,17295619.43,3358.62,3182.99,663.15,869.61,3395.04,3364.21,0.0,0.0,,,,,Y,,通信,通信服务,通信应用增值服务,29.38,28.85,28.97
sz301428,世纪恒通,2024-03-04,29.53,30.07,28.8,30.06,29.48,2900986.0,85799663.0,741480010.0200001,2965920010.02,85706360.26999998,-128496115.63,1216233939.04,1840127621.9,623893682.86,17295619.43,3576.58,3370.25,1286.92,1766.95,3482.32,3322.91,234.15,119.85,,,,,Y,,通信,通信服务,通信应用增值服务,29.33,29.93,29.45
sz301428,世纪恒通,2024-03-05,29.7,29.76,28.85,28.98,30.06,2069247.0,60473423.0,714840009.6600001,2859360009.6600003,85706360.26999998,-128496115.63,1216233939.04,1840127621.9,623893682.86,17295619.43,2674.41,2719.12,766.21,859.42,2606.72,2468.8,0.0,0.0,,,,,Y,,通信,通信服务,通信应用增值服务,29.5,29.65,29.43
sz301428,世纪恒通,2024-03-06,28.8,29.56,28.47,29.18,28.98,1825310.0,53030192.0,719773343.0600001,2879093343.06,85706360.26999998,-128496115.63,1216233939.04,1840127621.9,623893682.86,17295619.43,2513.44,2408.5,618.77,801.65,2170.81,2092.87,0.0,0.0,,,,,Y,,通信,通信服务,通信应用增值服务,28.8,29.02,28.94
sz301428,世纪恒通,2024-03-07,29.35,29.56,28.08,28.42,29.18,2056941.0,59183914.0,701026676.1400001,2804106676.14,85706360.26999998,-128496115.63,1216233939.04,1840127621.9,623893682.86,17295619.43,2380.96,2612.37,705.45,1090.86,2831.98,2013.5,0.0,201.65,,,,,Y,,通信,通信服务,通信应用增值服务,29.2,29.49,29.47
sz301428,世纪恒通,2024-03-08,28.42,30.23,27.92,29.58,28.42,3137710.0,91709283.0,729640009.86,2918560009.86,85706360.26999998,-128496115.63,1216233939.04,1840127621.9,623893682.86,17295619.43,3591.35,3671.55,2321.66,1695.86,3111.43,3803.52,146.5,0.0,,,,,Y,,通信,通信服务,通信应用增值服务,28.23,28.48,28.53
sz301428,世纪恒通,2024-03-11,31.11,31.36,29.25,30.07,29.58,3204466.0,95721290.0,741726676.69,2966906676.69,85706360.26999998,-128496115.63,1216233939.04,1840127621.9,623893682.86,17295619.43,3705.32,4077.13,2031.74,1585.2,3449.23,3909.79,385.83,0.0,,,,,Y,,通信,通信服务,通信应用增值服务,29.91,29.66,29.4
sz301428,世纪恒通,2024-03-12,30.18,30.45,29.44,30.16,30.07,2943179.0,88132651.0,743946676.7199999,2975786676.7200003,85706360.26999998,-128496115.63,1216233939.04,1840127621.9,623893682.86,17295619.43,3972.11,3488.82,1245.44,1687.64,3595.71,3534.81,0.0,102.0,,,,,Y,,通信,通信服务,通信应用增值服务,30.15,29.93,30.13
sz301428,世纪恒通,2024-03-13,29.95,31.22,29.95,30.87,30.16,3561808.0,108896725.0,761460010.2900001,3045840010.29,85706360.26999998,-128496115.63,1216233939.04,1840127621.9,623893682.86,17295619.43,4692.81,4324.8,2297.3,1968.57,3890.54,4491.21,9.03,105.09,,,,,Y,,通信,通信服务,通信应用增值服务,30.21,30.32,30.4
sz301428,世纪恒通,2024-03-14,30.42,32.78,29.45,32.68,30.87,6085229.0,189341142.0,806106677.56,3224426677.56,85706360.26999998,-128496115.63,1216233939.04,1840127621.9,623893682.86,17295619.43,8119.93,7723.94,3429.88,3909.54,6650.44,6932.8,733.86,367.83,,,,,Y,,通信,通信服务,通信应用增值服务,30.5,30.46,30.0
sz301428,世纪恒通,2024-03-15,31.92,32.5,31.23,32.2,32.68,5605081.0,178575874.0,794266677.4000001,3177066677.4,85706360.26999998,-128496115.63,1216233939.04,1840127621.9,623893682.86,17295619.43,7463.66,6775.35,3693.2,3336.24,6415.29,7579.06,285.44,166.94,,,,,Y,,通信,通信服务,通信应用增值服务,31.29,31.6,31.57
sz301428,世纪恒通,2024-03-18,31.99,32.43,31.31,32.25,32.2,4780557.0,152491557.0,795500010.7499999,3182000010.75,85706360.26999998,-128496115.63,1216233939.04,1840127621.9,623893682.86,17295619.43,7005.34,6371.44,2950.5,2987.04,5044.63,5230.96,248.67,659.72,,,,,Y,,通信,通信服务,通信应用增值服务,31.77,31.58,31.36
sz301428,世纪恒通,2024-03-19,31.89,32.33,31.67,31.67,32.25,2744686.0,87672723.0,781193343.89,3124773343.8900003,85706360.26999998,-128496115.63,1216233939.04,1840127621.9,623893682.86,17295619.43,3910.88,3945.15,1648.9,1885.42,3207.5,2717.54,0.0,219.16,,,,,Y,,通信,通信服务,通信应用增值服务,32.0,32.3,32.06
sz301428,世纪恒通,2024-03-20,31.82,32.46,31.81,32.31,31.67,3088153.0,99404885.0,796980010.77,3187920010.77,85706360.26999998,-128496115.63,1216233939.04,1840127621.9,623893682.86,17295619.43,4495.27,4252.47,2162.8,2297.63,3075.9,3151.48,206.52,238.91,,,,,Y,,通信,通信服务,通信应用增值服务,32.35,32.07,32.2
sz301428,世纪恒通,2024-03-21,32.57,33.0,31.7,31.8,32.31,2457033.0,78999210.0,784400010.5999999,3137600010.6,85706360.26999998,-128496115.63,1216233939.04,1840127621.9,623893682.86,17295619.43,3397.89,3614.43,1053.88,1489.03,3448.15,2693.25,0.0,103.21,,,,,Y,,通信,通信服务,通信应用增值服务,32.49,32.51,32.45
sz301428,世纪恒通,2024-03-22,31.6,32.35,30.8,31.9,31.8,3058817.0,96827509.0,786866677.3,3147466677.3,85706360.26999998,-128496115.63,1216233939.04,1840127621.9,623893682.86,17295619.43,3840.08,3974.47,1375.54,2150.85,4467.12,3444.64,0.0,112.8,,,,,Y,,通信,通信服务,通信应用增值服务,31.79,31.85,31.7
sz301428,世纪恒通,2024-03-25,31.76,33.98,31.75,32.18,31.9,5782946.0,190282575.0,793773344.06,3175093344.06,85706360.26999998,-128496115.63,1216233939.04,1840127621.9,623893682.86,17295619.43,7619.96,7574.13,4819.69,4395.32,6458.07,6938.5,130.54,120.31,,,,,Y,,通信,通信服务,通信应用增值服务,32.23,33.24,33.32
sz301428,世纪恒通,2024-03-26,31.74,31.74,26.1,29.8,32.18,3814633.0,114791984.0,735066676.6,2940266676.6,85706360.26999998,-128496115.63,1216233939.04,1840127621.9,623893682.86,17295619.43,4980.4,5031.88,1667.75,2004.86,4831.05,4292.31,0.0,150.14,,,,,Y,,通信,通信服务,通信应用增值服务,30.7,30.38,30.36
sz301428,世纪恒通,2024-03-27,29.68,31.33,28.13,29.22,29.8,3889488.0,114355923.0,720760009.74,2883040009.74,85706360.26999998,-128496115.63,1216233939.04,1840127621.9,623893682.86,17295619.43,4658.04,4794.12,1940.83,2488.15,4660.82,3866.4,175.91,286.93,,,,,Y,,通信,通信服务,通信应用增值服务,29.7,28.97,28.86
sz301428,世纪恒通,2024-03-28,28.5,30.33,28.1,29.81,29.22,3211648.0,94538177.0,735313343.2700001,2941253343.27,85706360.26999998,-128496115.63,1216233939.04,1840127621.9,623893682.86,17295619.43,3785.12,3943.64,1771.1,1703.38,3686.72,3692.49,210.87,114.31,,,,,Y,,通信,通信服务,通信应用增值服务,28.5,28.89,29.06
sz301428,世纪恒通,2024-03-29,29.58,29.97,29.1,29.8,29.81,1936949.0,57317707.0,735066676.6,2940266676.6,85706360.26999998,-128496115.63,1216233939.04,1840127621.9,623893682.86,17295619.43,2328.99,2722.82,772.29,913.27,2630.49,2095.68,0.0,0.0,,,,,Y,,通信,通信服务,通信应用增值服务,29.91,29.75,29.61
sz301428,世纪恒通,2024-04-01,29.99,30.2,29.61,30.2,29.8,1920920.0,57602856.0,744933343.4,2979733343.4,85706360.26999998,-128496115.63,1216233939.04,1840127621.9,623893682.86,17295619.43,2361.87,2492.16,1034.52,988.76,2363.89,2148.35,0.0,131.02,,,,,Y,,通信,通信服务,通信应用增值服务,30.07,29.93,29.8
sz301428,世纪恒通,2024-04-02,30.21,30.22,28.92,29.14,30.2,2031500.0,59769080.0,718786676.38,2875146676.38,85706360.26999998,-128496115.63,1216233939.04,1840127621.9,623893682.86,17295619.43,2443.29,2172.64,712.78,1262.5,2820.84,2068.12,0.0,473.65,,,,,Y,,通信,通信服务,通信应用增值服务,29.97,29.93,29.82
sz301428,世纪恒通,2024-04-03,29.11,29.14,27.78,28.0,29.14,1659623.0,46789883.0,690666676.0,2762666676.0,85706360.26999998,-128496115.63,1216233939.04,1840127621.9,623893682.86,17295619.43,1575.15,1828.33,360.5,1021.65,2743.33,1829.01,0.0,0.0,,,,,Y,,通信,通信服务,通信应用增值服务,28.85,28.55,28.18
sz301428,世纪恒通,2024-04-08,28.03,28.03,26.89,26.91,28.0,1393764.0,37985124.0,663780008.97,2655120008.9700003,85706360.26999998,-128496115.63,1216233939.04,1840127621.9,623893682.86,17295619.43,1261.97,1222.83,552.39,721.05,1984.15,1854.63,0.0,0.0,,,,,Y,,通信,通信服务,通信应用增值服务,27.39,27.14,27.21
sz301428,世纪恒通,2024-04-09,27.01,27.52,26.91,27.47,26.91,1285348.0,35077136.0,677593342.49,2710373342.49,85706360.26999998,-128496115.63,1216233939.04,1840127621.9,623893682.86,17295619.43,1479.15,1611.19,442.98,426.16,1585.58,1470.36,0.0,0.0,,,,,Y,,通信,通信服务,通信应用增值服务,27.22,27.21,27.15
sz301428,世纪恒通,2024-04-10,27.48,27.54,26.15,26.61,27.47,1410348.0,37777559.0,656380008.87,2625520008.87,85706360.26999998,-128496115.63,1216233939.04,1840127621.9,623893682.86,17295619.43,1415.7,1309.92,524.62,947.12,1837.44,1369.07,0.0,151.64,,,,,Y,,通信,通信服务,通信应用增值服务,27.43,27.2,27.12
sz301428,世纪恒通,2024-04-11,26.6,27.11,26.39,26.49,26.61,991889.0,26614603.0,653420008.83,2613680008.83,85706360.26999998,-128496115.63,1216233939.04,1840127621.9,623893682.86,17295619.43,841.45,984.28,342.84,408.44,1477.17,1268.74,0.0,0.0,,,,,Y,,通信,通信服务,通信应用增值服务,26.85,26.75,26.86
sz301428,世纪恒通,2024-04-12,26.6,26.9,26.12,26.2,26.49,966892.0,25621113.0,646266675.4,2585066675.4,85706360.26999998,-128496115.63,1216233939.04,1840127621.9,623893682.86,17295619.43,970.75,903.48,251.48,378.35,1339.88,1280.29,0.0,0.0,,,,,Y,,通信,通信服务,通信应用增值服务,26.74,26.71,26.61
sz301428,世纪恒通,2024-04-15,26.0,26.52,24.13,24.68,26.2,1550110.0,38762002.0,608773341.56,2435093341.56,85706360.26999998,-128496115.63,1216233939.04,1840127621.9,623893682.86,17295619.43,1363.01,1620.17,359.37,345.33,2153.82,1910.7,0.0,0.0,,,,,Y,,通信,通信服务,通信应用增值服务,26.1,25.41,24.87
sz301428,世纪恒通,2024-04-16,24.28,24.41,21.75,21.85,24.68,2102807.0,47254441.0,538966673.9499999,2155866673.95,85706360.26999998,-128496115.63,1216233939.04,1840127621.9,623893682.86,17295619.43,1726.28,1778.88,553.42,788.41,2445.74,2158.16,0.0,0.0,,,,,Y,,通信,通信服务,通信应用增值服务,23.13,22.31,21.91
sz301428,世纪恒通,2024-04-17,22.35,23.99,22.35,23.99,21.85,2494109.0,58863351.0,591753341.3299999,2367013341.33,85706360.26999998,-128496115.63,1216233939.04,1840127621.9,623893682.86,17295619.43,1951.29,2271.24,911.03,1043.04,2806.67,2342.02,217.34,230.04,,,,,Y,,通信,通信服务,通信应用增值服务,23.14,23.57,23.64
sz301428,世纪恒通,2024-04-18,24.01,24.96,23.5,24.12,23.99,2040866.0,49392469.0,594960008.0400001,2379840008.04,85706360.26999998,-128496115.63,1216233939.04,1840127621.9,623893682.86,17295619.43,1745.44,1773.64,905.08,930.94,2288.73,2234.68,0.0,0.0,,,,,Y,,通信,通信服务,通信应用增值服务,23.8,23.7,24.2
sz301428,世纪恒通,2024-04-19,24.0,25.41,24.0,24.58,24.12,2131567.0,52348947.0,606306674.86,2425226674.86,85706360.26999998,-128496115.63,1216233939.04,1840127621.9,623893682.86,17295619.43,2338.56,1886.97,723.61,678.95,2172.73,2668.98,0.0,0.0,,,,,Y,,通信,通信服务,通信应用增值服务,24.95,24.74,24.83
sz301428,世纪恒通,2024-04-22,24.58,25.45,23.61,25.39,24.58,2473137.0,61161584.0,626286675.13,2505146675.13,85706360.26999998,-128496115.63,1216233939.04,1840127621.9,623893682.86,17295619.43,2635.72,1981.05,1133.79,553.53,2284.25,3581.58,62.4,0.0,,,,,Y,,通信,通信服务,通信应用增值服务,23.81,23.86,24.18
sz301428,世纪恒通,2024-04-23,24.8,25.35,24.19,25.1,25.39,2965436.0,73514848.0,619133341.7,2476533341.7,83465149.53,-114159337.32,1256593679.94,1956127098.18,699533418.24,20261230.76,2985.83,2822.61,1662.57,1364.49,2703.09,3164.38,0.0,0.0,,,,,Y,,通信,通信服务,通信应用增值服务,24.3,24.7,24.81
sz301428,世纪恒通,2024-04-24,25.01,25.84,24.91,25.82,25.1,2668115.0,68079592.0,636893341.94,2547573341.94,83465149.53,-114159337.32,1256593679.94,1956127098.18,699533418.24,20261230.76,2938.34,2777.93,1213.73,1521.31,2580.82,2332.29,75.07,176.42,,,,,Y,,通信,通信服务,通信应用增值服务,25.11,25.26,25.29
sz301428,世纪恒通,2024-04-25,25.52,26.37,25.52,25.83,25.82,2142700.0,55475173.0,637140008.61,2548560008.61,83465149.53,-114159337.32,1256593679.94,1956127098.18,699533418.24,20261230.76,1739.83,2323.61,694.34,1150.05,2753.15,2073.86,360.2,0.0,,,,,Y,,通信,通信服务,通信应用增值服务,25.68,25.75,25.74
sz301428,世纪恒通,2024-04-26,25.8,26.55,25.8,26.22,25.83,2096218.0,55012896.0,646760008.74,2587040008.74,83465149.53,-114159337.32,1256593679.94,1956127098.18,699533418.24,20261230.76,2034.19,2270.02,895.21,999.25,2571.89,2232.02,0.0,0.0,,,,,Y,,通信,通信服务,通信应用增值服务,26.07,26.11,26.26
sz301428,世纪恒通,2024-04-29,26.15,27.0,26.15,26.94,26.22,2006781.0,53734338.0,664520008.98,2658080008.9800005,83465149.53,-114159337.32,1256593679.94,1956127098.18,699533418.24,20261230.76,2040.13,2094.26,915.06,1264.93,2418.25,2014.24,0.0,0.0,,,,,Y,,通信,通信服务,通信应用增值服务,26.7,26.64,26.68
sz301428,世纪恒通,2024-04-30,26.85,27.45,26.35,26.79,26.94,2000285.0,53868908.0,660820008.9300001,2643280008.93,83465149.53,-114159337.32,1256593679.94,1956127098.18,699533418.24,20261230.76,2227.24,2373.84,712.36,642.79,2417.19,2370.26,30.11,0.0,,,,,Y,,通信,通信服务,通信应用增值服务,27.3,27.29,27.16
sz301428,世纪恒通,2024-05-06,27.3,27.45,26.85,26.92,26.79,1429728.0,38694470.0,664026675.64,2656106675.64,83465149.53,-114159337.32,1256593679.94,1956127098.18,699533418.24,20261230.76,1601.26,1799.07,342.27,566.62,1925.92,1503.76,0.0,0.0,,,,,Y,,通信,通信服务,通信应用增值服务,27.11,27.2,27.1
sz301428,世纪恒通,2024-05-07,27.05,27.26,26.82,27.05,26.92,1349124.0,36465649.0,667233342.35,2668933342.3500004,83465149.53,-114159337.32,1256593679.94,1956127098.18,699533418.24,20261230.76,1492.77,1481.63,533.36,470.96,1272.34,1445.91,348.09,248.07,,,,,Y,,通信,通信服务,通信应用增值服务,27.14,27.24,27.18
sz301428,世纪恒通,2024-05-08,27.05,27.05,26.21,26.29,27.05,1527900.0,40533566.0,648486675.4300001,2593946675.43,83465149.53,-114159337.32,1256593679.94,1956127098.18,699533418.24,20261230.76,1614.78,1702.98,263.71,794.07,2065.97,1447.39,108.89,108.92,,,,,Y,,通信,通信服务,通信应用增值服务,26.77,26.8,26.83
sz301428,世纪恒通,2024-05-09,26.38,26.99,26.2,26.84,26.29,1242748.0,33260130.0,662053342.2800001,2648213342.28,83465149.53,-114159337.32,1256593679.94,1956127098.18,699533418.24,20261230.76,1174.26,1291.76,559.02,545.96,1483.44,1455.04,109.3,33.26,,,,,Y,,通信,通信服务,通信应用增值服务,26.59,26.58,26.81
sz301428,世纪恒通,2024-05-10,26.8,26.98,25.9,26.0,26.84,1211418.0,31840591.0,641333342.0,2565333342.0,83465149.53,-114159337.32,1256593679.94,1956127098.18,699533418.24,20261230.76,1212.92,1235.37,287.68,533.18,1683.46,1415.51,0.0,0.0,,,,,Y,,通信,通信服务,通信应用增值服务,26.83,26.53,26.46
sz301428,世纪恒通,2024-05-13,25.95,25.95,24.96,25.04,26.0,1247800.0,31459397.0,617653341.6800001,2470613341.68,83465149.53,-114159337.32,1256593679.94,1956127098.18,699533418.24,20261230.76,906.43,986.54,374.76,667.95,1403.21,1491.45,461.54,0.0,,,,,Y,,通信,通信服务,通信应用增值服务,25.34,25.1,25.34
sz301428,世纪恒通,2024-05-14,25.2,25.73,25.11,25.48,25.04,998629.0,25384933.0,628506675.16,2514026675.16,83465149.53,-114159337.32,1256593679.94,1956127098.18,699533418.24,20261230.76,890.02,822.66,160.01,437.99,1488.46,1275.82,0.0,2.03,,,,,Y,,通信,通信服务,通信应用增值服务,25.6,25.45,25.29
sz301428,世纪恒通,2024-05-15,25.27,25.72,25.01,25.09,25.48,908628.0,23046124.0,618886675.03,2475546675.03,83465149.53,-114159337.32,1256593679.94,1956127098.18,699533418.24,20261230.76,666.35,759.9,397.06,338.7,1206.31,1176.58,34.89,29.43,,,,,Y,,通信,通信服务,通信应用增值服务,25.14,25.29,25.58
sz301428,世纪恒通,2024-05-16,25.4,25.59,25.07,25.11,25.09,924681.0,23439051.0,619380008.37,2477520008.37,83465149.53,-114159337.32,1256593679.94,1956127098.18,699533418.24,20261230.76,806.28,741.65,399.08,703.96,1138.54,887.31,0.0,10.98,,,,,Y,,通信,通信服务,通信应用增值服务,25.31,25.37,25.37
sz301428,世纪恒通,2024-05-17,25.3,25.39,24.79,25.19,25.11,1568441.0,39304467.0,621353341.73,2485413341.73,83465149.53,-114159337.32,1256593679.94,1956127098.18,699533418.24,20261230.76,1251.8,1823.04,446.74,652.11,2102.48,1455.3,129.43,0.0,,,,,Y,,通信,通信服务,通信应用增值服务,24.83,25.1,25.13
sz301428,世纪恒通,2024-05-20,25.1,25.25,24.8,25.09,25.19,1949300.0,48758080.0,1535424375.03,2475546675.03,83465149.53,-114159337.32,1256593679.94,1956127098.18,699533418.24,20261230.76,1594.29,1654.58,995.59,1564.04,2275.89,1522.59,10.03,134.6,,,,,Y,,通信,通信服务,通信应用增值服务,24.98,25.0,25.02
sz301428,世纪恒通,2024-05-21,26.2,27.59,26.02,26.89,25.09,5941062.0,159494827.0,1645578375.63,2653146675.63,83465149.53,-114159337.32,1256593679.94,1956127098.18,699533418.24,20261230.76,6572.07,5124.14,3520.02,2739.35,5732.83,7055.64,124.56,1030.36,,,,,Y,,通信,通信服务,通信应用增值服务,27.27,27.1,26.95
sz301428,世纪恒通,2024-05-22,26.11,26.55,25.8,26.34,26.89,4308614.0,112793846.0,1611920208.7800002,2598880008.78,83465149.53,-114159337.32,1256593679.94,1956127098.18,699533418.24,20261230.76,5152.2,3982.33,1253.37,1976.77,4535.4,5314.02,338.42,6.27,,,,,Y,,通信,通信服务,通信应用增值服务,25.9,25.83,26.17
sz301428,世纪恒通,2024-05-23,26.18,28.1,25.41,28.0,26.34,6778089.0,182080054.0,1713506675.9999998,2762666676.0,83465149.53,-114159337.32,1256593679.94,1956127098.18,699533418.24,20261230.76,7855.27,7732.64,3606.32,2890.7,6302.75,7345.11,443.67,239.56,,,,,Y,,通信,通信服务,通信应用增值服务,25.92,25.96,25.67
sz301428,世纪恒通,2024-05-24,27.3,27.71,26.8,27.05,28.0,4245510.0,115632715.0,1655369842.35,2668933342.3500004,83465149.53,-114159337.32,1256593679.94,1956127098.18,699533418.24,20261230.76,5113.81,4564.09,1736.27,1918.82,4713.2,4775.87,0.0,304.48,,,,,Y,,通信,通信服务,通信应用增值服务,27.48,27.41,27.34
sz301428,世纪恒通,2024-05-27,27.0,27.13,25.8,26.65,27.05,2909461.0,76457322.0,1630891175.55,2629466675.55,83465149.53,-114159337.32,1256593679.94,1956127098.18,699533418.24,20261230.76,3497.13,3156.25,1137.92,1373.82,3010.68,3115.66,0.0,0.0,,,,,Y,,通信,通信服务,通信应用增值服务,26.62,25.97,25.95
sz301428,世纪恒通,2024-05-28,26.44,27.5,26.03,26.97,26.65,2802583.0,74983187.0,1650474108.99,2661040008.99,83465149.53,-114159337.32,1256593679.94,1956127098.18,699533418.24,20261230.76,3572.54,3322.01,938.83,1182.08,2859.47,2863.17,127.48,131.05,,,,,Y,,通信,通信服务,通信应用增值服务,26.13,26.15,26.28
sz301428,世纪恒通,2024-05-29,26.76,27.5,26.7,26.9,26.97,2924959.0,79216183.0,1646190342.3,2654133342.3,83465149.53,-114159337.32,1256593679.94,1956127098.18,699533418.24,20261230.76,3543.36,3456.51,1377.34,1969.18,2517.09,2360.63,483.83,135.3,,,,,Y,,通信,通信服务,通信应用增值服务,26.91,27.05,27.11
sz301428,世纪恒通,2024-05-30,26.63,26.63,25.45,25.51,26.9,2586623.0,67220461.0,1561126975.1699998,2516986675.17,83465149.53,-114159337.32,1256593679.94,1956127098.18,699533418.24,20261230.76,2958.54,3528.3,609.47,1249.55,3154.04,1942.62,0.0,1.57,,,,,Y,,通信,通信服务,通信应用增值服务,26.29,26.2,26.21
sz301428,世纪恒通,2024-05-31,25.63,27.03,25.55,26.85,25.51,3133459.0,82808256.0,1643130508.95,2649200008.95,83465149.53,-114159337.32,1256593679.94,1956127098.18,699533418.24,20261230.76,3245.81,3577.84,1204.86,1211.46,3801.75,3491.52,28.4,0.0,,,,,Y,,通信,通信服务,通信应用增值服务,25.62,26.1,26.15
sz301428,世纪恒通,2024-06-03,26.9,27.35,26.1,26.57,26.85,2457090.0,65764448.0,1625995442.19,2621573342.19,83465149.53,-114159337.32,1256593679.94,1956127098.18,699533418.24,20261230.76,2892.56,2962.2,913.59,1006.08,2681.38,2608.17,88.91,0.0,,,,,Y,,通信,通信服务,通信应用增值服务,27.0,26.8,26.97
sz301428,世纪恒通,2024-06-04,26.1,28.98,25.89,28.52,26.57,7215206.0,201632875.0,1745328942.8400002,2813973342.84,83465149.53,-114159337.32,1256593679.94,1956127098.18,699533418.24,20261230.76,8946.17,8323.94,4826.82,3679.03,5972.82,7553.91,417.47,606.4,,,,,Y,,通信,通信服务,通信应用增值服务,26.9,27.38,27.24
sz301428,世纪恒通,2024-06-05,28.95,30.07,27.86,28.6,28.52,6455363.0,184891783.0,1750224676.2,2821866676.2000003,83465149.53,-114159337.32,1256593679.94,1956127098.18,699533418.24,20261230.76,8492.88,8401.4,2525.77,3796.57,7158.21,6095.64,312.31,195.57,,,,,Y,,通信,通信服务,通信应用增值服务,28.86,28.39,28.35
sz301428,世纪恒通,2024-06-06,27.89,28.46,26.0,26.23,28.6,5379377.0,146237283.0,1605188575.41,2588026675.41,83465149.53,-114159337.32,1256593679.94,1956127098.18,699533418.24,20261230.76,6137.69,6771.37,2386.8,2684.87,6091.08,5167.48,8.16,0.0,,,,,Y,,通信,通信服务,通信应用增值服务,27.89,28.07,28.12
sz301428,世纪恒通,2024-06-07,26.21,27.0,25.08,25.98,26.23,3247246.0,84095791.0,1589889408.6599998,2563360008.66,83465149.53,-114159337.32,1256593679.94,1956127098.18,699533418.24,20261230.76,3671.07,3682.38,1058.67,1538.01,3597.29,3189.19,82.55,0.0,,,,,Y,,通信,通信服务,通信应用增值服务,25.62,26.77,26.44
sz301428,世纪恒通,2024-06-11,25.78,26.24,24.5,26.2,25.98,2382429.0,60667905.0,1603352675.4,2585066675.4,83465149.53,-114159337.32,1256593679.94,1956127098.18,699533418.24,20261230.76,2519.73,2410.36,1023.87,916.62,2446.66,2511.36,76.53,228.44,,,,,Y,,通信,通信服务,通信应用增值服务,25.01,24.96,24.97
sz301428,世纪恒通,2024-06-12,25.98,26.75,25.95,26.49,26.2,2538370.0,67150640.0,1621099708.83,2613680008.83,83465149.53,-114159337.32,1256593679.94,1956127098.18,699533418.24,20261230.76,3289.46,3051.25,831.69,1430.62,2585.24,2233.19,8.68,0.0,,,,,Y,,通信,通信服务,通信应用增值服务,26.41,26.44,26.4
sz301428,世纪恒通,2024-06-13,26.21,27.2,25.89,27.2,26.19,3620852.0,96880914.0,1664549342.4,2683733342.4,83465149.53,-114159337.32,1256593679.94,1956127098.18,699533418.24,20261230.76,4550.53,4707.03,1810.59,1374.69,3125.37,3428.61,201.6,177.76,,,,,Y,,通信,通信服务,通信应用增值服务,26.3,26.62,26.62
sz301428,世纪恒通,2024-06-14,26.96,27.51,26.79,27.43,27.2,3095880.0,84109402.0,1678624575.81,2706426675.81,83465149.53,-114159337.32,1256593679.94,1956127098.18,699533418.24,20261230.76,3822.29,3887.94,1332.24,1608.16,3058.28,2779.81,198.13,135.03,,,,,Y,,通信,通信服务,通信应用增值服务,26.99,26.88,27.0
sz301428,世纪恒通,2024-06-17,27.31,27.7,26.93,27.39,27.43,2737857.0,74967005.0,1676176709.13,2702480009.13,83465149.53,-114159337.32,1256593679.94,1956127098.18,699533418.24,20261230.76,3527.95,3581.36,1132.61,1279.95,2824.64,2635.39,11.51,0.0,,,,,Y,,通信,通信服务,通信应用增值服务,27.1,27.1,27.41
sz301428,世纪恒通,2024-06-18,27.39,29.11,27.27,28.6,27.39,5143462.0,145919570.0,1750224676.2,2821866676.2000003,83465149.53,-114159337.32,1256593679.94,1956127098.18,699533418.24,20261230.76,6746.74,6272.49,3051.52,2904.91,4234.43,5259.72,559.27,154.84,,,,,Y,,通信,通信服务,通信应用增值服务,27.56,28.28,28.25
sz301428,世纪恒通,2024-06-19,28.57,29.38,28.07,28.35,28.6,5359825.0,153974458.0,1734925509.45,2797200009.45,83465149.53,-114159337.32,1256593679.94,1956127098.18,699533418.24,20261230.76,6771.46,7073.62,2788.89,3302.63,5381.26,4573.03,455.83,448.16,,,,,Y,,通信,通信服务,通信应用增值服务,28.7,28.29,29.13
sz301428,世纪恒通,2024-06-20,28.1,28.53,27.16,27.28,28.35,4254038.0,117629080.0,1669445075.76,2691626675.76,83465149.53,-114159337.32,1256593679.94,1956127098.18,699533418.24,20261230.76,4742.23,5411.09,1405.77,3026.35,5614.35,3325.47,0.56,0.0,,,,,Y,,通信,通信服务,通信应用增值服务,28.29,27.8,27.89
sz301428,世纪恒通,2024-06-21,26.88,28.68,26.16,27.42,27.28,3732166.0,101950732.0,1678012609.14,2705440009.14,83465149.53,-114159337.32,1256593679.94,1956127098.18,699533418.24,20261230.76,4194.78,3926.22,1694.17,1476.4,3872.93,4368.89,433.2,423.57,,,,,Y,,通信,通信服务,通信应用增值服务,26.37,26.42,26.96
sz301428,世纪恒通,2024-06-24,27.06,29.18,26.8,29.07,27.42,6954790.0,196520620.0,1778987109.69,2868240009.69,83465149.53,-114159337.32,1256593679.94,1956127098.18,699533418.24,20261230.76,8757.94,8437.26,4470.49,3644.73,6204.58,7465.82,219.05,104.26,,,,,Y,,通信,通信服务,通信应用增值服务,27.5,28.0,27.69
sz301428,世纪恒通,2024-06-25,28.9,28.96,28.12,28.66,29.07,5172394.0,147716834.0,1753896476.2199998,2827786676.22,83465149.53,-114159337.32,1256593679.94,1956127098.18,699533418.24,20261230.76,6720.54,6539.61,2442.21,2479.01,4993.16,5025.41,615.77,727.65,,,,,Y,,通信,通信服务,通信应用增值服务,28.53,28.51,28.55
sz301428,世纪恒通,2024-06-26,28.36,30.55,27.7,30.19,28.66,7653113.0,226464881.0,1847527376.73,2978746676.73,83465149.53,-114159337.32,1256593679.94,1956127098.18,699533418.24,20261230.76,10742.36,9919.79,4427.28,5209.51,7214.9,6821.69,261.95,695.5,,,,,Y,,通信,通信服务,通信应用增值服务,28.15,28.32,28.64
sz301428,世纪恒通,2024-06-27,29.59,30.5,29.04,29.1,30.19,6222512.0,184933675.0,1780823009.7,2871200009.7,83465149.53,-114159337.32,1256593679.94,1956127098.18,699533418.24,20261230.76,8123.45,8435.18,2611.36,4302.44,7370.86,5146.84,387.7,608.9,,,,,Y,,通信,通信服务,通信应用增值服务,29.72,30.17,29.7
sz301428,世纪恒通,2024-06-28,28.52,29.37,28.45,28.7,29.1,4682992.0,135484762.0,1756344342.9,2831733342.9,83465149.53,-114159337.32,1256593679.94,1956127098.18,699533418.24,20261230.76,6034.68,6042.07,2629.68,3391.85,4861.28,3875.33,22.83,239.22,,,,,Y,,通信,通信服务,通信应用增值服务,28.71,28.91,29.02
sz301428,世纪恒通,2024-07-01,28.53,28.91,27.78,28.45,28.7,3164880.0,89175190.0,1741045176.15,2807066676.15,83465149.53,-114159337.32,1256593679.94,1956127098.18,699533418.24,20261230.76,4009.39,3994.23,1244.78,2105.83,3614.86,2817.45,48.49,0.0,,,,,Y,,通信,通信服务,通信应用增值服务,28.61,28.1,28.24
sz301428,世纪恒通,2024-07-02,28.3,29.61,28.21,29.44,28.45,5021482.0,146807517.0,1801629876.48,2904746676.48,83465149.53,-114159337.32,1256593679.94,1956127098.18,699533418.24,20261230.76,6064.54,7013.33,3555.83,2532.84,4311.99,5020.82,748.39,113.76,,,,,Y,,通信,通信服务,通信应用增值服务,28.52,28.88,29.25
sz301428,世纪恒通,2024-07-03,29.1,29.13,28.13,28.18,29.44,2932273.0,83801355.0,1724522076.0600002,2780426676.06,83465149.53,-114159337.32,1256593679.94,1956127098.18,699533418.24,20261230.76,3789.03,3689.37,1347.15,1814.58,3041.11,2585.2,202.84,290.99,,,,,Y,,通信,通信服务,通信应用增值服务,29.09,28.89,28.94
sz301428,世纪恒通,2024-07-04,28.71,28.92,26.48,26.48,28.18,2866790.0,79335204.0,1620487742.1599998,2612693342.16,83465149.53,-114159337.32,1256593679.94,1956127098.18,699533418.24,20261230.76,3042.34,3695.1,1420.5,1670.62,3470.68,2397.16,0.0,170.64,,,,,Y,,通信,通信服务,通信应用增值服务,28.69,28.39,28.72
sz301428,世纪恒通,2024-07-05,25.94,26.38,25.03,25.9,26.48,2031867.0,52365320.0,1584993675.3,2555466675.3,83465149.53,-114159337.32,1256593679.94,1956127098.18,699533418.24,20261230.76,2022.55,2170.17,796.16,948.17,2417.82,1940.49,0.0,177.7,,,,,Y,,通信,通信服务,通信应用增值服务,25.34,25.69,26.05
sz301428,世纪恒通,2024-07-08,25.66,25.87,24.33,24.4,25.9,2747223.0,68038038.0,1493198674.8,2407466674.8,83465149.53,-114159337.32,1256593679.94,1956127098.18,699533418.24,20261230.76,2467.97,2968.59,1020.99,1607.83,3314.84,1992.23,0.0,235.15,,,,,Y,,通信,通信服务,通信应用增值服务,25.52,24.92,24.89
sz301428,世纪恒通,2024-07-09,24.42,25.16,23.83,25.08,24.4,2465674.0,60608982.0,1534812408.36,2474560008.36,83465149.53,-114159337.32,1256593679.94,1956127098.18,699533418.24,20261230.76,2709.46,2569.75,926.92,965.53,2424.52,2525.62,0.0,0.0,,,,,Y,,通信,通信服务,通信应用增值服务,24.09,24.63,24.45
sz301428,世纪恒通,2024-07-10,24.9,27.28,24.9,26.79,25.08,4394090.0,115635912.0,1639458708.93,2643280008.93,83465149.53,-114159337.32,1256593679.94,1956127098.18,699533418.24,20261230.76,4677.16,4542.63,2592.46,2487.22,3835.41,4533.74,458.55,0.0,,,,,Y,,通信,通信服务,通信应用增值服务,25.04,26.0,25.81
sz301428,世纪恒通,2024-07-11,27.8,30.95,26.8,29.26,26.79,8853295.0,256970709.0,1790614476.42,2886986676.42,83465149.53,-114159337.32,1256593679.94,1956127098.18,699533418.24,20261230.76,10262.28,10242.91,6226.91,6230.71,7700.2,7969.26,1507.69,1254.19,,,,,Y,,通信,通信服务,通信应用增值服务,27.55,28.0,27.68
sz301428,世纪恒通,2024-07-12,28.94,30.39,28.6,29.02,29.26,7199731.0,211251020.0,1775927276.3400002,2863306676.34,83465149.53,-114159337.32,1256593679.94,1956127098.18,699533418.24,20261230.76,7923.84,9279.8,3912.2,5165.05,8932.41,5958.51,356.64,721.73,,,,,Y,,通信,通信服务,通信应用增值服务,29.09,29.38,29.71
sz301428,世纪恒通,2024-07-15,29.52,29.76,27.85,28.0,29.02,4060200.0,115752520.0,1713506675.9999998,2762666676.0,83465149.53,-114159337.32,1256593679.94,1956127098.18,699533418.24,20261230.76,4445.23,4748.73,1771.86,1906.62,5200.2,4724.25,157.96,195.65,,,,,Y,,通信,通信服务,通信应用增值服务,28.88,29.16,28.8
sz301428,世纪恒通,2024-07-16,27.8,29.16,27.08,28.36,28.0,5604739.0,157219715.0,1735537476.12,2798186676.1200004,83465149.53,-114159337.32,1256593679.94,1956127098.18,699533418.24,20261230.76,6353.16,5481.69,2877.18,4075.26,6222.98,6038.34,268.65,126.69,,,,,Y,,通信,通信服务,通信应用增值服务,28.22,29.09,28.3
sz301428,世纪恒通,2024-07-17,28.0,28.09,26.79,26.85,28.36,3656718.0,100160173.0,1643130508.95,2649200008.95,83465149.53,-114159337.32,1256593679.94,1956127098.18,699533418.24,20261230.76,3613.95,4679.72,1016.66,1747.13,5385.41,3471.7,0.0,117.46,,,,,Y,,通信,通信服务,通信应用增值服务,27.87,27.64,27.67
sz301428,世纪恒通,2024-07-18,26.46,27.71,25.52,27.68,26.85,3976065.0,106494803.0,1693923742.5600002,2731093342.56,83465149.53,-114159337.32,1256593679.94,1956127098.18,699533418.24,20261230.76,3970.65,4141.83,2016.54,2027.35,4486.28,4278.82,176.01,201.49,,,,,Y,,通信,通信服务,通信应用增值服务,25.86,25.95,26.46
sz301428,世纪恒通,2024-07-19,27.11,28.2,26.89,27.71,27.68,3336429.0,92523223.0,1695759642.5700002,2734053342.57,83465149.53,-114159337.32,1256593679.94,1956127098.18,699533418.24,20261230.76,3661.07,3542.36,1657.25,1842.4,3934.01,3684.34,0.0,183.21,,,,,Y,,通信,通信服务,通信应用增值服务,27.04,27.64,27.68
sz301428,世纪恒通,2024-07-22,27.72,28.6,27.6,28.42,27.71,3954229.0,111751986.0,1739209276.14,2804106676.14,83465149.53,-114159337.32,1256593679.94,1956127098.18,699533418.24,20261230.76,4617.19,4630.62,2230.31,1800.2,4157.73,4601.98,169.97,142.39,,,,,Y,,通信,通信服务,通信应用增值服务,27.69,28.24,28.19
sz301428,世纪恒通,2024-07-23,28.07,29.67,28.07,28.35,28.42,5913424.0,171472984.0,1734925509.45,2797200009.45,83465149.53,-114159337.32,1256593679.94,1956127098.18,699533418.24,20261230.76,6792.82,6981.4,3407.65,3408.37,6439.31,6645.88,507.52,111.65,,,,,Y,,通信,通信服务,通信应用增值服务,29.0,28.96,29.11
sz301428,世纪恒通,2024-07-24,27.15,30.28,27.15,29.36,28.35,7078200.0,203538151.0,1796734143.12,2896853343.1200004,83465149.53,-114159337.32,1256593679.94,1956127098.18,699533418.24,20261230.76,7379.34,7783.33,4691.81,2792.44,7521.21,8228.13,761.45,1549.91,,,,,Y,,通信,通信服务,通信应用增值服务,27.7,27.37,27.87
sz301428,世纪恒通,2024-07-25,28.8,30.2,28.31,29.5,29.36,6044137.0,176306272.0,1805301676.5,2910666676.5,83465149.53,-114159337.32,1256593679.94,1956127098.18,699533418.24,20261230.76,7363.44,6602.04,2826.17,3230.73,6841.14,7587.25,599.88,210.61,,,,,Y,,通信,通信服务,通信应用增值服务,28.95,29.57,29.19
sz301428,世纪恒通,2024-07-26,29.2,29.21,28.18,28.77,29.5,4971929.0,142782712.0,1760628109.59,2838640009.59,83465149.53,-114159337.32,1256593679.94,1956127098.18,699533418.24,20261230.76,6186.03,5527.55,1898.6,2979.24,5876.6,5119.61,317.04,651.87,,,,,Y,,通信,通信服务,通信应用增值服务,28.92,29.1,29.01
sz301428,世纪恒通,2024-07-29,28.51,30.09,28.3,29.97,28.77,6667495.0,197284007.0,1834064109.99,2957040009.99,83465149.53,-114159337.32,1256593679.94,1956127098.18,699533418.24,20261230.76,8945.16,8631.26,3416.36,3498.06,6465.17,7149.2,901.7,449.87,,,,,Y,,通信,通信服务,通信应用增值服务,28.86,29.3,29.4
sz301428,世纪恒通,2024-07-30,29.55,29.58,28.92,29.24,29.97,4813757.0,140702765.0,1789390543.08,2885013343.08,83465149.53,-114159337.32,1256593679.94,1956127098.18,699533418.24,20261230.76,5774.33,5368.51,2520.04,3377.71,5326.25,4416.7,449.67,907.36,,,,,Y,,通信,通信服务,通信应用增值服务,29.02,29.19,29.18
sz301428,世纪恒通,2024-07-31,28.92,31.95,28.81,30.08,29.24,7313767.0,220025492.0,1840795743.36,2967893343.36,83465149.53,-114159337.32,1256593679.94,1956127098.18,699533418.24,20261230.76,9045.33,8356.46,4886.6,4759.99,7019.06,7485.63,1051.56,1400.47,,,,,Y,,通信,通信服务,通信应用增值服务,29.44,29.58,30.59
sz301428,世纪恒通,2024-08-01,29.7,31.28,29.53,31.04,30.08,7951080.0,241432258.0,1899544543.68,3062613343.68,83465149.53,-114159337.32,1256593679.94,1956127098.18,699533418.24,20261230.76,9908.64,9480.98,5788.46,5831.15,7953.5,8094.83,492.62,736.26,,,,,Y,,通信,通信服务,通信应用增值服务,29.88,29.97,29.79
sz301428,世纪恒通,2024-08-02,30.6,30.7,29.56,30.2,31.04,5136778.0,155328021.0,1848139343.4,2979733343.4,83465149.53,-114159337.32,1256593679.94,1956127098.18,699533418.24,20261230.76,6743.22,6546.36,2026.72,3714.56,6762.86,5111.27,0.0,160.6,,,,,Y,,通信,通信服务,通信应用增值服务,30.66,30.32,30.48
sz301428,世纪恒通,2024-08-05,29.57,30.35,28.6,28.69,30.2,3216727.0,94484457.0,1755732376.23,2830746676.23,83465149.53,-114159337.32,1256593679.94,1956127098.18,699533418.24,20261230.76,4076.98,4100.2,958.28,2022.53,4389.23,3310.55,23.95,15.17,,,,,Y,,通信,通信服务,通信应用增值服务,29.9,30.04,29.93
sz301428,世纪恒通,2024-08-06,29.4,29.5,27.75,28.3,28.69,2881116.0,81806138.0,1731865676.1,2792266676.1,83465149.53,-114159337.32,1256593679.94,1956127098.18,699533418.24,20261230.76,3529.59,3916.45,942.98,1464.8,3701.06,2799.36,6.98,0.0,,,,,Y,,通信,通信服务,通信应用增值服务,28.83,28.9,29.12
sz301428,世纪恒通,2024-08-07,28.33,28.75,27.89,27.9,28.3,2393084.0,67702156.0,1707387009.3,2752800009.3,83465149.53,-114159337.32,1256593679.94,1956127098.18,699533418.24,20261230.76,2952.69,3226.34,666.79,1206.06,3150.74,2337.82,0.0,0.0,,,,,Y,,通信,通信服务,通信应用增值服务,28.4,28.47,28.66
sz301428,世纪恒通,2024-08-08,28.03,28.5,27.55,28.27,27.9,2351241.0,66058808.0,1730029776.09,2789306676.09,83465149.53,-114159337.32,1256593679.94,1956127098.18,699533418.24,20261230.76,3023.59,2999.03,821.59,987.16,2760.7,2619.68,0.0,0.0,,,,,Y,,通信,通信服务,通信应用增值服务,27.65,28.11,27.96
sz301428,世纪恒通,2024-08-09,28.46,28.46,26.18,26.6,28.27,3404003.0,93004556.0,1627831342.2,2624533342.2000003,83465149.53,-114159337.32,1256593679.94,1956127098.18,699533418.24,20261230.76,3726.01,4817.74,930.73,1588.78,4643.71,2712.27,0.0,181.67,,,,,Y,,通信,通信服务,通信应用增值服务,28.2,28.12,27.9
sz301428,世纪恒通,2024-08-12,26.46,26.84,25.82,26.44,26.6,1713967.0,45101406.0,1618039875.48,2608746675.48,83465149.53,-114159337.32,1256593679.94,1956127098.18,699533418.24,20261230.76,1711.18,1941.25,432.29,736.96,2366.67,1831.93,0.0,0.0,,,,,Y,,通信,通信服务,通信应用增值服务,26.13,25.91,26.09
sz301428,世纪恒通,2024-08-13,26.24,26.83,26.2,26.83,26.44,1170929.0,31095709.0,1641906575.61,2647226675.61,83465149.53,-114159337.32,1256593679.94,1956127098.18,699533418.24,20261230.76,1264.86,1071.24,450.14,494.36,1394.57,1543.97,0.0,0.0,,,,,Y,,通信,通信服务,通信应用增值服务,26.44,26.39,26.39
sz301428,世纪恒通,2024-08-14,26.78,27.25,26.61,26.91,26.83,1432900.0,38677779.0,1646802308.97,2655120008.9700003,83465149.53,-114159337.32,1256593679.94,1956127098.18,699533418.24,20261230.76,1824.12,1691.0,510.04,330.98,1533.62,1845.79,0.0,0.0,,,,,Y,,通信,通信服务,通信应用增值服务,26.88,26.88,26.98
sz301428,世纪恒通,2024-08-15,27.01,27.43,26.94,26.97,26.91,1965700.0,53436418.0,1650474108.99,2661040008.99,83465149.53,-114159337.32,1256593679.94,1956127098.18,699533418.24,20261230.76,2523.51,2645.99,703.46,610.82,2016.26,2086.83,100.42,0.0,,,,,Y,,通信,通信服务,通信应用增值服务,27.21,27.23,27.22
sz301428,世纪恒通,2024-08-16,26.79,28.25,26.7,27.67,26.97,2832629.0,77744188.0,1693311775.89,2730106675.8900003,83465149.53,-114159337.32,1256593679.94,1956127098.18,699533418.24,20261230.76,3392.8,3463.42,1453.04,1222.99,2928.57,3088.01,0.0,0.0,,,,,Y,,通信,通信服务,通信应用增值服务,26.9,27.01,27.0
sz301428,世纪恒通,2024-08-19,27.3,28.66,27.3,28.0,27.67,2957429.0,83377257.0,1713506675.9999998,2762666676.0,83465149.53,-114159337.32,1256593679.94,1956127098.18,699533418.24,20261230.76,3871.14,3633.15,1345.55,1531.9,3121.04,3172.68,0.0,0.0,,,,,Y,,通信,通信服务,通信应用增值服务,28.36,28.33,28.51
sz301428,世纪恒通,2024-08-20,27.47,28.0,26.44,26.95,28.0,2767089.0,75016577.0,1649250175.65,2659066675.65,83465149.53,-114159337.32,1256593679.94,1956127098.18,699533418.24,20261230.76,3482.27,3439.24,1055.99,1567.18,2963.4,2495.24,0.0,0.0,,,,,Y,,通信,通信服务,通信应用增值服务,27.01,26.97,26.82
sz301428,世纪恒通,2024-08-21,26.63,27.17,26.35,26.37,26.95,1573263.0,42133719.0,1613756108.7900002,2601840008.79,83465149.53,-114159337.32,1256593679.94,1956127098.18,699533418.24,20261230.76,1730.74,1769.03,488.34,1021.31,1993.5,1410.11,0.8,12.93,,,,,Y,,通信,通信服务,通信应用增值服务,26.95,27.0,27.13
sz301428,世纪恒通,2024-08-22,26.64,26.89,25.41,25.63,26.37,1924189.0,50194991.0,1568470575.21,2528826675.21,83465149.53,-114159337.32,1256593679.94,1956127098.18,699533418.24,20261230.76,2371.99,2229.87,365.49,1017.51,2138.23,1772.12,143.78,0.0,,,,,Y,,通信,通信服务,通信应用增值服务,26.7,26.86,26.56
