date,code,open,high,low,close,volume,amount,adjustflag
2020-01-02,sz.000001,16.6500,16.9500,16.5500,16.8700,153023187,2571196482.1400,3
2020-01-03,sz.000001,16.9400,17.3100,16.9200,17.1800,111619481,1914495474.6300,3
2020-01-06,sz.000001,17.0100,17.3400,16.9100,17.0700,86208350,1477930193.1900,3
2020-01-07,sz.000001,17.1300,17.2800,16.9500,17.1500,72860756,1247047135.2600,3
2020-01-08,sz.000001,17.0000,17.0500,16.6300,16.6600,84782412,1423608811.1800,3
2020-01-09,sz.000001,16.8100,16.9300,16.5300,16.7900,103163665,1725326806.2500,3
2020-01-10,sz.000001,16.7900,16.8100,16.5200,16.6900,58554845,975154818.7800,3
2020-01-13,sz.000001,16.7500,17.0300,16.6100,16.9900,87213336,1468271683.7200,3
2020-01-14,sz.000001,16.9900,17.2700,16.7600,16.7600,130449366,2217608852.6900,3
2020-01-15,sz.000001,16.7900,16.8600,16.4500,16.5200,85943912,1424889228.0700,3
2020-01-16,sz.000001,16.5200,16.5700,16.2000,16.3300,102810467,1678888507.8300,3
2020-01-17,sz.000001,16.3800,16.5500,16.3500,16.3900,60543669,995909007.3500,3
2020-01-20,sz.000001,16.4300,16.6100,16.3500,16.4500,74607475,1226464649.5500,3
2020-01-21,sz.000001,16.3400,16.3400,15.9300,16.0000,89660310,1442171431.5500,3
2020-01-22,sz.000001,15.9200,16.1600,15.7100,16.0900,71946491,1150933398.9800,3
2020-01-23,sz.000001,15.9200,15.9200,15.3900,15.5400,110059207,1723394336.6600,3
2020-02-03,sz.000001,13.9900,14.7000,13.9900,13.9900,225919483,3201454164.9200,3
2020-02-04,sz.000001,14.0500,14.6600,14.0200,14.6000,170617207,2442932842.7100,3
2020-02-05,sz.000001,14.5900,14.8900,14.3200,14.6300,149138021,2177632043.6200,3
2020-02-06,sz.000001,14.8100,14.8700,14.5100,14.7700,118581572,1740107625.4200,3
2020-02-07,sz.000001,14.6000,14.6900,14.4100,14.6200,92485296,1345053255.6700,3
2020-02-10,sz.000001,14.5100,14.5300,14.3000,14.5000,133949524,1931983482.1000,3
2020-02-11,sz.000001,14.6000,14.9400,14.5600,14.7900,140750744,2077194138.9200,3
2020-02-12,sz.000001,14.7900,14.8200,14.6000,14.7700,107050321,1573229042.5500,3
2020-02-13,sz.000001,14.7100,14.8800,14.6100,14.6500,101320528,1491327713.7800,3
2020-02-14,sz.000001,14.7500,15.1400,14.7000,15.0300,151243473,2253906452.4800,3
2020-02-17,sz.000001,15.0400,15.3700,14.9300,15.3700,154369601,2337993586.1200,3
2020-02-18,sz.000001,15.3300,15.3300,15.0100,15.2000,97361235,1478274222.5800,3
2020-02-19,sz.000001,15.1000,15.3700,15.0800,15.2400,87410693,1333730218.9700,3
2020-02-20,sz.000001,15.2700,15.6200,15.1000,15.5900,123544434,1897923029.0400,3
2020-02-21,sz.000001,15.4900,15.7200,15.4500,15.5800,99507102,1546692930.1600,3
2020-02-24,sz.000001,15.4600,15.4600,15.1500,15.2300,119179450,1820183854.5200,3
2020-02-25,sz.000001,15.0000,15.1300,14.7800,15.0400,114457502,1710369786.0300,3
2020-02-26,sz.000001,14.7700,15.2700,14.7000,14.9900,117659915,1769612245.3700,3
2020-02-27,sz.000001,14.9600,15.1500,14.8900,15.1100,97527090,1464605739.4600,3
2020-02-28,sz.000001,14.8500,15.0400,14.4600,14.5000,130064445,1906892413.3100,3
2020-03-02,sz.000001,14.5500,14.9500,14.4600,14.7900,111658066,1647432269.7100,3
2020-03-03,sz.000001,14.9600,14.9900,14.6300,14.7200,115358432,1705816271.8900,3
2020-03-04,sz.000001,14.6800,14.7800,14.5100,14.6900,86259523,1261123063.8300,3
2020-03-05,sz.000001,14.8000,15.6400,14.7300,15.3900,268660240,4089493523.0300,3
2020-03-06,sz.000001,15.1800,15.2700,15.0200,15.0300,122853103,1858691259.3200,3
2020-03-09,sz.000001,14.7100,14.7300,14.4200,14.4500,166579354,2420392130.7300,3
2020-03-10,sz.000001,14.3800,14.8500,14.3800,14.7600,116786497,1709084565.3200,3
2020-03-11,sz.000001,14.7700,14.8800,14.6200,14.6900,81438164,1201250682.1600,3
2020-03-12,sz.000001,14.6500,14.8400,14.5300,14.6800,98649711,1447436641.9200,3
2020-03-13,sz.000001,13.9000,14.5800,13.9000,14.5200,116976580,1669009835.4800,3
2020-03-16,sz.000001,14.4500,14.4600,13.7500,13.7500,140620218,1975824191.2100,3
2020-03-17,sz.000001,13.7500,13.9700,13.1300,13.4100,117784906,1582506075.0200,3
2020-03-18,sz.000001,13.4100,13.5500,12.6500,12.7100,138478437,1816836893.6300,3
2020-03-19,sz.000001,12.6800,12.7400,11.9100,12.2300,189145713,2313863663.4800,3
2020-03-20,sz.000001,12.4000,12.6800,12.2600,12.5200,157835296,1967487818.4500,3
2020-03-23,sz.000001,12.0000,12.3500,11.9300,12.1500,107111364,1300469494.4300,3
2020-03-24,sz.000001,12.4000,12.6800,12.2700,12.6100,118020026,1472909399.7200,3
2020-03-25,sz.000001,12.8800,13.0700,12.7000,12.8700,113695774,1467534956.1600,3
2020-03-26,sz.000001,12.7800,13.3400,12.7200,13.0600,107519243,1408651057.3400,3
2020-03-27,sz.000001,13.2500,13.3800,13.0800,13.1500,65301888,861618663.0500,3
2020-03-30,sz.000001,12.8500,13.0400,12.7600,12.9400,66173879,852956240.2500,3
2020-03-31,sz.000001,13.0500,13.0900,12.7800,12.8000,51337030,662915471.3800,3
2020-04-01,sz.000001,12.8600,13.1300,12.8200,12.8900,52083604,676070117.7500,3
2020-04-02,sz.000001,12.7500,12.9700,12.6600,12.9700,51836504,663197628.3500,3
2020-04-03,sz.000001,12.8200,12.8900,12.5500,12.6100,82534814,1047282400.1600,3
2020-04-07,sz.000001,12.8900,12.9400,12.8100,12.8800,87031371,1121200115.4100,3
2020-04-08,sz.000001,12.8800,12.9200,12.7200,12.7800,52871614,676604872.2900,3
2020-04-09,sz.000001,12.8800,12.8900,12.7200,12.7400,40855377,522027888.3100,3
2020-04-10,sz.000001,12.7600,12.9800,12.6500,12.7900,66667495,853689950.2300,3
2020-04-13,sz.000001,12.6700,12.7100,12.4700,12.5900,44621440,562008050.3500,3
2020-04-14,sz.000001,12.6500,12.8600,12.5700,12.8600,68608687,874856562.2800,3
2020-04-15,sz.000001,12.8600,12.9300,12.7800,12.8700,65639640,843649273.3900,3
2020-04-16,sz.000001,12.7900,12.7900,12.5400,12.6800,78915498,997623816.4500,3
2020-04-17,sz.000001,12.7700,13.0400,12.6500,12.8900,133116477,1713215766.8200,3
2020-04-20,sz.000001,12.8600,13.0500,12.7700,12.9900,81845583,1058524019.1500,3
2020-04-21,sz.000001,13.3000,13.7000,13.3000,13.4500,212244834,2861879086.0900,3
2020-04-22,sz.000001,13.3700,13.4200,13.1600,13.2300,103280274,1368222854.7100,3
2020-04-23,sz.000001,13.2300,13.3100,13.1100,13.2300,64698963,855052110.2300,3
2020-04-24,sz.000001,13.1700,13.2800,13.1100,13.2400,56600161,747473770.4600,3
2020-04-27,sz.000001,13.3000,13.6400,13.2500,13.5000,93682990,1263809737.4100,3
2020-04-28,sz.000001,13.4500,13.5600,13.2700,13.5200,77156417,1038718080.2700,3
2020-04-29,sz.000001,13.4800,14.1000,13.4500,14.0200,110872239,1541638203.4800,3
2020-04-30,sz.000001,14.0200,14.3200,13.8800,13.9300,81954043,1155968238.1300,3
2020-05-06,sz.000001,13.7600,13.8900,13.6100,13.7700,100899802,1382727481.7300,3
2020-05-07,sz.000001,13.7600,13.7600,13.6000,13.6900,66274923,904349531.9900,3
2020-05-08,sz.000001,13.7600,14.0200,13.6800,13.9500,93478170,1297924588.2900,3
2020-05-11,sz.000001,13.9200,14.1300,13.9000,14.0000,61286229,859156594.2200,3
2020-05-12,sz.000001,13.9500,14.0500,13.7200,13.7900,55851114,772109502.0400,3
2020-05-13,sz.000001,13.7500,13.7800,13.5300,13.6300,64035879,871062043.6100,3
2020-05-14,sz.000001,13.5500,13.5900,13.2200,13.3000,94467209,1259440848.2400,3
2020-05-15,sz.000001,13.3900,13.4300,13.1400,13.2300,75679447,1004313267.9300,3
2020-05-18,sz.000001,13.2000,13.3400,13.1200,13.2000,63720857,843479669.7100,3
2020-05-19,sz.000001,13.4100,13.4500,13.2700,13.3600,60036864,801755671.0100,3
2020-05-20,sz.000001,13.3800,13.6200,13.2700,13.5100,69085107,929928885.9300,3
2020-05-21,sz.000001,13.5200,13.5700,13.3600,13.4000,55231200,742797057.2900,3
2020-05-22,sz.000001,13.3300,13.3400,12.9200,12.9200,85623733,1119433491.0100,3
2020-05-25,sz.000001,12.9700,12.9800,12.7600,12.9600,41017078,528769352.5000,3
2020-05-26,sz.000001,13.0200,13.0700,12.9400,13.0400,39621240,515451849.4000,3
2020-05-27,sz.000001,13.0500,13.1900,12.9600,13.0000,48296294,630305864.0900,3
2020-05-28,sz.000001,12.8700,13.1800,12.8100,13.0700,96076031,1255226999.4900,3
2020-05-29,sz.000001,13.0100,13.0400,12.9200,13.0000,45780822,594502123.8500,3
2020-06-01,sz.000001,13.1000,13.3900,13.0800,13.3200,88296055,1173619006.6600,3
2020-06-02,sz.000001,13.2900,13.6300,13.2800,13.5500,88345888,1194375822.0600,3
2020-06-03,sz.000001,13.6400,13.8800,13.5000,13.5400,95680308,1308782294.7000,3
2020-06-04,sz.000001,13.5300,13.6400,13.4100,13.5700,58306633,788707630.2900,3
2020-06-05,sz.000001,13.6000,13.6200,13.4300,13.5900,38302690,517232135.8000,3
2020-06-08,sz.000001,13.6800,13.8500,13.5800,13.6200,58597190,802115792.0600,3
2020-06-09,sz.000001,13.6400,13.7300,13.5300,13.6700,47430007,646895834.8400,3
2020-06-10,sz.000001,13.7100,13.7100,13.4000,13.4900,58047620,781995749.3600,3
2020-06-11,sz.000001,13.3800,13.3900,13.0000,13.0800,134903982,1774199978.6800,3
2020-06-12,sz.000001,12.9000,13.0200,12.8700,12.9900,103055057,1331618728.5100,3
2020-06-15,sz.000001,12.8500,12.9700,12.8000,12.8200,66031307,850767506.4300,3
2020-06-16,sz.000001,12.9000,12.9900,12.8600,12.8900,71805910,927043687.8200,3
2020-06-17,sz.000001,12.8900,12.9200,12.7600,12.8500,71646824,918251153.1900,3
2020-06-18,sz.000001,12.7600,12.8000,12.5900,12.7600,111964780,1419972017.4300,3
2020-06-19,sz.000001,12.7300,12.8400,12.6100,12.8000,153952178,1954584919.9500,3
2020-06-22,sz.000001,12.7400,12.7600,12.6200,12.6400,131907979,1671023278.9900,3
2020-06-23,sz.000001,12.6500,12.6900,12.5200,12.6000,99080673,1248046646.7200,3
2020-06-24,sz.000001,12.6400,12.8800,12.6000,12.8000,152322048,1946329095.3100,3
2020-06-29,sz.000001,12.9200,12.9700,12.7100,12.8000,103848006,1330678288.8300,3
2020-06-30,sz.000001,12.8300,12.8800,12.7200,12.8000,93794022,1199181601.4200,3
2020-07-01,sz.000001,12.7900,13.1500,12.7400,13.1200,169739001,2202800843.9700,3
2020-07-02,sz.000001,13.0800,13.4900,12.9700,13.4300,259050119,3433511084.4600,3
2020-07-03,sz.000001,13.5700,14.3200,13.5600,14.2500,376833360,5280918011.4000,3
2020-07-06,sz.000001,14.6000,15.6800,14.5900,15.6800,471146080,7168653356.2500,3
2020-07-07,sz.000001,16.3000,16.6300,15.0300,15.4800,396442752,6267919683.0400,3
2020-07-08,sz.000001,15.2300,16.0000,15.2300,15.7600,263133916,4095447757.1700,3
2020-07-09,sz.000001,15.6600,15.6600,15.3100,15.5300,224399440,3469517329.7300,3
2020-07-10,sz.000001,15.3500,15.4800,14.7600,14.8600,215877326,3254272377.8900,3
2020-07-13,sz.000001,14.7000,15.0800,14.5000,14.8900,193716012,2871414844.7600,3
2020-07-14,sz.000001,14.9000,15.1900,14.5500,14.6800,195356627,2891773817.0700,3
2020-07-15,sz.000001,14.7800,14.8600,14.2300,14.2700,204256283,2947173149.7200,3
2020-07-16,sz.000001,14.3000,14.5500,14.1200,14.1500,193089129,2771496391.1900,3
2020-07-17,sz.000001,14.1700,14.2800,13.9500,14.1400,129134677,1821043927.5100,3
2020-07-20,sz.000001,14.2300,14.7700,14.1000,14.7300,197963200,2872758056.1900,3
2020-07-21,sz.000001,14.6800,14.6800,14.4000,14.4900,125286569,1815570300.6000,3
2020-07-22,sz.000001,14.4900,14.6500,14.2700,14.4100,131295159,1895447229.4100,3
2020-07-23,sz.000001,14.2400,14.2900,13.8100,14.0100,202752587,2838535210.7500,3
2020-07-24,sz.000001,13.9700,13.9900,13.4200,13.5000,183088183,2504647111.3400,3
2020-07-27,sz.000001,13.6700,13.6800,13.1000,13.2400,188065335,2497551472.2800,3
2020-07-28,sz.000001,13.3400,13.4300,13.1800,13.3400,121700599,1618089558.6000,3
2020-07-29,sz.000001,13.3500,13.6300,13.2100,13.5400,151958025,2043847472.9400,3
2020-07-30,sz.000001,13.5000,13.5100,13.3700,13.3700,96406763,1294444933.2200,3
2020-07-31,sz.000001,13.2800,13.5300,13.2500,13.3400,116582191,1559068291.6300,3
2020-08-03,sz.000001,13.4700,13.6200,13.4300,13.5900,144509616,1954607257.4900,3
2020-08-04,sz.000001,13.6600,14.1500,13.4800,14.0400,244566325,3388510059.2700,3
2020-08-05,sz.000001,13.8200,13.8500,13.6200,13.7600,144020313,1980352978.3400,3
2020-08-06,sz.000001,13.8200,13.9600,13.6500,13.9000,135251068,1868047342.4900,3
2020-08-07,sz.000001,13.8000,13.9000,13.6200,13.7000,98867837,1356305781.1500,3
2020-08-10,sz.000001,13.6700,14.0200,13.6200,13.9500,158771035,2208568316.4900,3
2020-08-11,sz.000001,13.9700,14.6600,13.9700,14.1300,260330789,3748036828.2300,3
2020-08-12,sz.000001,14.2100,14.5000,14.1500,14.3800,159681170,2287731088.1500,3
2020-08-13,sz.000001,14.4000,14.4600,14.1400,14.1800,83726175,1190139725.4100,3
2020-08-14,sz.000001,14.1000,14.5100,14.0600,14.4700,110321582,1578543607.1000,3
2020-08-17,sz.000001,14.6000,15.3500,14.5500,15.1900,326802784,4923669137.3000,3
2020-08-18,sz.000001,15.2000,15.3000,14.9100,15.1500,135026107,2033477707.9900,3
2020-08-19,sz.000001,15.1100,15.3500,14.9600,15.1000,142092811,2154215097.0600,3
2020-08-20,sz.000001,15.0100,15.1400,14.5300,14.5900,133380162,1962605013.7000,3
2020-08-21,sz.000001,14.7100,14.7100,14.3200,14.4500,123451733,1787278581.3400,3
2020-08-24,sz.000001,14.5000,14.7100,14.4100,14.4600,91944886,1338031969.4000,3
2020-08-25,sz.000001,14.5600,14.6900,14.4600,14.6000,74832022,1090756854.2200,3
2020-08-26,sz.000001,14.6000,14.6100,14.2800,14.3700,73411772,1057274169.7400,3
2020-08-27,sz.000001,14.4000,14.4600,14.1100,14.4600,62666677,895618648.5700,3
2020-08-28,sz.000001,14.2600,15.1800,14.2600,15.1300,241040002,3599035694.7800,3
2020-08-31,sz.000001,15.3000,15.6800,14.9900,15.0800,179712954,2760350322.2800,3
2020-09-01,sz.000001,14.9600,15.2300,14.8800,15.1400,81364258,1228342741.9500,3
2020-09-02,sz.000001,15.0100,15.5300,15.0100,15.3200,167938297,2575966637.5100,3
2020-09-03,sz.000001,15.3200,15.3300,14.8400,14.9000,127984159,1919266726.0100,3
2020-09-04,sz.000001,14.7300,15.0600,14.6000,14.9600,90988999,1353550808.2800,3
2020-09-07,sz.000001,14.8800,15.2400,14.8300,14.9400,103137681,1551971380.9600,3
2020-09-08,sz.000001,15.0000,15.4300,15.0000,15.4300,140760166,2154220778.2900,3
2020-09-09,sz.000001,15.2600,15.5600,15.1300,15.2100,101357247,1554005575.3500,3
2020-09-10,sz.000001,15.3200,15.4800,15.2000,15.3400,95709239,1469402768.2800,3
2020-09-11,sz.000001,15.1800,15.3000,14.8200,15.0100,95423625,1431844020.4400,3
2020-09-14,sz.000001,15.0100,15.3000,14.9200,15.3000,68025105,1027508108.5500,3
2020-09-15,sz.000001,15.2000,15.4800,15.1500,15.3500,65713267,1007999044.1100,3
2020-09-16,sz.000001,15.3200,15.5400,15.2100,15.4400,72241475,1114667832.1100,3
2020-09-17,sz.000001,15.5400,15.7200,15.4000,15.5700,98821563,1543414501.5400,3
2020-09-18,sz.000001,15.6200,16.0900,15.5200,16.0700,137319330,2186759087.8100,3
2020-09-21,sz.000001,16.0000,16.0500,15.7100,15.8600,89616165,1418370973.9100,3
2020-09-22,sz.000001,15.6700,15.8400,15.3900,15.5700,86775631,1354536272.8400,3
2020-09-23,sz.000001,15.5900,15.8300,15.5100,15.6300,59920047,939763265.9500,3
2020-09-24,sz.000001,15.5900,15.6100,15.1200,15.1200,106101124,1623376200.8100,3
2020-09-25,sz.000001,15.2000,15.3100,15.1100,15.1900,61408700,933035044.4700,3
2020-09-28,sz.000001,15.1900,15.3700,14.9800,15.3100,61271111,932800766.0300,3
2020-09-29,sz.000001,15.3900,15.4100,14.7600,14.8000,118237440,1766848544.7200,3
2020-09-30,sz.000001,14.8000,15.2700,14.8000,15.1700,121706482,1838547595.4600,3
2020-10-09,sz.000001,15.3000,15.5500,15.1300,15.1800,90042593,1376995906.6000,3
2020-10-12,sz.000001,15.2200,16.0500,15.2100,15.9000,159134715,2509002885.3100,3
2020-10-13,sz.000001,15.9000,16.1100,15.7700,16.0600,90881948,1453986337.9600,3
2020-10-14,sz.000001,16.0400,16.1200,15.8000,16.0300,66256236,1057937816.0800,3
2020-10-15,sz.000001,16.2000,16.9200,16.1500,16.5600,160006232,2654379585.6600,3
2020-10-16,sz.000001,16.5600,17.3700,16.5400,17.1000,209561419,3589229558.5700,3
2020-10-19,sz.000001,17.3000,18.1000,17.3000,17.4800,201610552,3571336006.2500,3
2020-10-20,sz.000001,17.4800,17.6000,17.2500,17.5400,96007195,1673173355.6500,3
2020-10-21,sz.000001,17.6400,18.0000,17.3300,17.9100,124456018,2204040364.8000,3
2020-10-22,sz.000001,17.9400,18.5000,17.3000,17.5600,189051905,3342069010.7900,3
2020-10-23,sz.000001,17.5300,18.7800,17.5300,18.1300,169850168,3105623948.3900,3
2020-10-26,sz.000001,18.2000,18.2900,17.4500,17.7000,117559865,2085800598.8500,3
2020-10-27,sz.000001,18.0000,18.0000,17.5000,17.7600,103486504,1839243224.7900,3
2020-10-28,sz.000001,17.7600,17.9000,17.2900,17.6300,120582386,2125604541.7500,3
2020-10-29,sz.000001,17.5400,17.9300,17.3500,17.7700,84660362,1498040947.7000,3
2020-10-30,sz.000001,17.7400,18.3600,17.6000,17.7500,100780383,1813064343.1200,3
2020-11-02,sz.000001,17.6500,18.0500,17.3300,17.6300,96845277,1702741437.9500,3
2020-11-03,sz.000001,17.7100,18.3400,17.7000,17.9600,95786863,1727488481.5000,3
2020-11-04,sz.000001,18.3500,18.4800,17.9600,18.3200,124763640,2275824963.4300,3
2020-11-05,sz.000001,18.3700,18.5000,17.5400,17.7000,142946944,2558562453.1800,3
2020-11-06,sz.000001,17.7100,17.7500,17.2200,17.6400,84878153,1486492208.3700,3
2020-11-09,sz.000001,17.6700,18.0000,17.5400,17.8400,95142432,1688807401.7000,3
2020-11-10,sz.000001,18.0000,18.5000,17.9300,18.1100,102106281,1854142808.8500,3
2020-11-11,sz.000001,18.2000,18.3000,17.6000,17.8100,94013007,1677811478.7400,3
2020-11-12,sz.000001,17.8100,17.9400,17.4500,17.6600,67725848,1197284181.1100,3
2020-11-13,sz.000001,17.4200,17.4700,16.6900,17.1800,128918923,2191492021.2100,3
2020-11-16,sz.000001,17.0800,17.4300,16.9000,17.3700,75985693,1308190459.6000,3
2020-11-17,sz.000001,17.3800,17.9300,17.2500,17.8300,85293051,1509511577.9700,3
2020-11-18,sz.000001,17.7800,18.5000,17.7500,18.4600,137340072,2508632642.4900,3
2020-11-19,sz.000001,18.5900,18.9800,18.3000,18.8500,121174062,2270476474.5800,3
2020-11-20,sz.000001,18.8300,18.9900,18.5200,18.8600,67391922,1265262915.5900,3
2020-11-23,sz.000001,18.8500,19.6200,18.8000,19.6200,116585826,2252290578.4300,3
2020-11-24,sz.000001,19.6200,19.6800,19.1700,19.3600,67854323,1313496136.5300,3
2020-11-25,sz.000001,19.4800,19.7000,19.0500,19.0600,55258501,1068352014.2100,3
2020-11-26,sz.000001,19.0500,19.6100,19.0300,19.5000,63965789,1240074378.1300,3
2020-11-27,sz.000001,20.0000,20.0000,19.3800,19.7000,75377374,1479430635.5900,3
2020-11-30,sz.000001,19.9000,20.8800,19.5900,19.7400,158144128,3213680470.0700,3
2020-12-01,sz.000001,19.7000,20.5100,19.4000,20.0500,126371975,2516010782.4900,3
2020-12-02,sz.000001,19.9300,20.0600,19.5200,19.6300,88938529,1758639187.8400,3
2020-12-03,sz.000001,19.7800,19.8600,19.1700,19.5400,71445230,1393085020.5800,3
2020-12-04,sz.000001,19.4700,19.4700,18.9700,19.3000,89134784,1707639065.1000,3
2020-12-07,sz.000001,19.3100,19.3900,18.6800,18.9100,87380661,1655173465.4000,3
2020-12-08,sz.000001,18.9200,19.0300,18.5300,18.7100,71964751,1345951734.3800,3
2020-12-09,sz.000001,18.7900,19.0500,18.6800,18.7100,67722115,1277484440.9400,3
2020-12-10,sz.000001,18.7300,18.8800,18.4500,18.6500,60786655,1130916254.1500,3
2020-12-11,sz.000001,18.7100,18.8000,18.2200,18.5200,88779387,1642392314.2700,3
2020-12-14,sz.000001,18.6000,19.0600,18.5000,18.8800,83599174,1575396008.3200,3
2020-12-15,sz.000001,18.8000,18.8500,18.1500,18.7400,78885794,1458268620.7500,3
2020-12-16,sz.000001,18.8000,19.1000,18.5800,19.0100,68907042,1302133815.2800,3
2020-12-17,sz.000001,18.9100,19.0700,18.6000,18.9500,68614069,1294658299.2700,3
2020-12-18,sz.000001,19.0000,19.1000,18.2300,18.3600,105875636,1959764074.9800,3
2020-12-21,sz.000001,18.3000,18.6400,18.0300,18.2800,90687811,1662649810.0500,3
2020-12-22,sz.000001,18.3600,18.6500,17.8800,17.9000,102873751,1873638734.0600,3
2020-12-23,sz.000001,17.9600,18.0700,17.7900,18.0000,75008273,1345650736.0900,3
2020-12-24,sz.000001,18.1500,18.4900,18.0500,18.2600,63295012,1155767283.6700,3
2020-12-25,sz.000001,18.2600,18.2600,17.8000,18.0400,57707733,1038128197.3900,3
2020-12-28,sz.000001,18.0200,18.8600,17.9600,18.8500,127033706,2352947321.9700,3
2020-12-29,sz.000001,18.8700,19.3000,18.7000,19.1700,96309223,1837947238.2500,3
2020-12-30,sz.000001,19.0000,19.2000,18.7200,19.2000,97849778,1854082812.2800,3
2020-12-31,sz.000001,19.2100,19.5800,19.0200,19.3400,92450343,1781736285.5800,3
2021-01-04,sz.000001,19.1000,19.1000,18.4400,18.6000,155421643,2891682312.0500,3
2021-01-05,sz.000001,18.4000,18.4800,17.8000,18.1700,182135210,3284606913.9100,3
2021-01-06,sz.000001,18.0800,19.5600,18.0000,19.5600,193494512,3648521909.1000,3
2021-01-07,sz.000001,19.5200,19.9800,19.2300,19.9000,158418530,3111274625.3700,3
2021-01-08,sz.000001,19.9000,20.1000,19.3100,19.8500,119547322,2348316363.1800,3
2021-01-11,sz.000001,20.0000,20.6400,20.0000,20.3800,179045714,3652546646.8200,3
2021-01-12,sz.000001,20.3900,21.0000,20.1800,21.0000,128816550,2657687440.6700,3
2021-01-13,sz.000001,21.0000,21.0100,20.4000,20.7000,104911973,2161849708.0400,3
2021-01-14,sz.000001,20.6800,20.8900,19.9500,20.1700,113015562,2306404546.8100,3
2021-01-15,sz.000001,21.0000,21.9500,20.8200,21.0000,248068898,5311218074.7600,3
2021-01-18,sz.000001,21.2000,22.7800,21.2000,22.7000,215730178,4792909447.9500,3
2021-01-19,sz.000001,22.5100,22.8400,22.0500,22.3400,124208834,2790056611.2900,3
2021-01-20,sz.000001,22.1500,22.9700,22.1200,22.4700,128079316,2889249850.4500,3
2021-01-21,sz.000001,22.5000,22.8000,22.1500,22.2300,94477860,2114252731.6400,3
2021-01-22,sz.000001,22.2300,22.2300,21.5100,22.0300,92443442,2025834761.5400,3
2021-01-25,sz.000001,21.7200,22.6000,21.4300,22.4900,102836527,2269032820.6700,3
2021-01-26,sz.000001,22.3000,23.3200,22.3000,22.3700,112672055,2558575511.9700,3
2021-01-27,sz.000001,22.3100,23.4700,22.3100,23.0800,129415272,2976800955.7300,3
2021-01-28,sz.000001,22.7800,23.1800,22.4500,22.8100,85747696,1948881146.9500,3
2021-01-29,sz.000001,22.8100,23.5400,22.7100,23.0900,124025841,2864101419.3300,3
2021-02-01,sz.000001,23.0000,24.9900,22.7000,24.5500,147523930,3529556986.7700,3
2021-02-02,sz.000001,23.3800,24.1000,22.9100,23.2800,241616877,5679179941.7400,3
2021-02-03,sz.000001,23.4800,25.1800,23.3800,24.9500,192327159,4690176486.2800,3
2021-02-04,sz.000001,24.1800,25.2400,24.0400,24.6000,125524750,3084553750.9500,3
2021-02-05,sz.000001,24.6000,25.3100,24.2700,24.9300,101557559,2517804159.6300,3
2021-02-08,sz.000001,24.9000,24.9000,24.1000,24.8000,108426467,2650948251.3800,3
2021-02-09,sz.000001,24.7900,24.8400,24.1700,24.5800,94209355,2302978158.4000,3
2021-02-10,sz.000001,24.6000,24.9600,23.3800,23.8200,191886710,4569741959.9000,3
2021-02-18,sz.000001,24.0000,24.5500,23.4800,24.3000,150523081,3619387651.7100,3
2021-02-19,sz.000001,23.9600,24.1900,23.5700,23.8500,92258314,2197558286.9100,3
2021-02-22,sz.000001,23.8000,23.8000,22.2600,22.3800,195684248,4445818547.6000,3
2021-02-23,sz.000001,22.3800,22.6800,21.8200,21.9300,187046013,4160776611.3100,3
2021-02-24,sz.000001,22.2700,22.2800,21.5600,22.1600,142849985,3144209051.8100,3
2021-02-25,sz.000001,22.4000,22.5600,21.6800,22.0900,159340347,3524600794.4600,3
2021-02-26,sz.000001,21.6000,21.9600,21.2100,21.3800,112497730,2424653753.4600,3
2021-03-01,sz.000001,21.5400,21.6800,21.1800,21.4500,112538653,2408050906.4000,3
2021-03-02,sz.000001,21.6200,22.1500,21.2600,21.6500,147342505,3196536981.1400,3
2021-03-03,sz.000001,21.5800,23.0800,21.4600,23.0100,191963527,4320024431.3200,3
2021-03-04,sz.000001,22.7700,23.4900,22.6500,22.9200,121357937,2799747146.4100,3
2021-03-05,sz.000001,22.7000,22.9800,21.8600,22.3400,88017141,1960439115.0400,3
2021-03-08,sz.000001,22.4400,22.6900,21.4800,21.6000,99377397,2189190957.5600,3
2021-03-09,sz.000001,21.6800,21.9200,20.5800,20.8500,136189533,2882931927.5600,3
2021-03-10,sz.000001,20.8400,20.9100,20.2800,20.4000,114941657,2356185003.9400,3
2021-03-11,sz.000001,20.5800,21.3800,20.5600,21.2700,104865939,2213107787.1300,3
2021-03-12,sz.000001,21.3700,21.7000,21.2000,21.4800,69720060,1494219075.5000,3
2021-03-15,sz.000001,21.4000,22.1200,21.1100,21.6000,95874870,2077984893.9500,3
2021-03-16,sz.000001,21.6000,22.1100,21.2700,21.6600,93968432,2038470660.5300,3
2021-03-17,sz.000001,21.4500,21.5500,20.9000,21.2000,82148865,1738185857.1000,3
2021-03-18,sz.000001,21.3000,21.7300,21.0000,21.7300,69161019,1483801548.9800,3
2021-03-19,sz.000001,21.5300,21.6500,20.3700,20.4700,152562227,3159181042.9600,3
2021-03-22,sz.000001,20.5500,21.5500,20.5300,21.5500,145119008,3087549484.4400,3
2021-03-23,sz.000001,21.5700,21.6500,20.9600,21.2300,68290338,1448043613.4100,3
2021-03-24,sz.000001,21.2100,21.2800,20.4500,20.5300,85008507,1757688572.4800,3
2021-03-25,sz.000001,20.5800,20.8300,20.4000,20.7500,49266574,1017166048.6800,3
2021-03-26,sz.000001,20.8400,21.4000,20.7600,21.1400,82210806,1733412579.1200,3
2021-03-29,sz.000001,21.2800,21.6500,21.2000,21.4900,78566668,1684397866.2800,3
2021-03-30,sz.000001,21.3800,21.9300,21.2100,21.9300,73865481,1601238499.0600,3
2021-03-31,sz.000001,21.7700,22.0700,21.6000,22.0100,77702807,1699922183.9800,3
2021-04-01,sz.000001,22.0800,22.1100,21.5000,21.7800,54444898,1183868023.6600,3
2021-04-02,sz.000001,21.7000,21.7300,21.3600,21.5000,58108352,1249405387.1600,3
2021-04-06,sz.000001,21.5500,22.0900,21.5100,21.6800,40110282,873387016.6200,3
2021-04-07,sz.000001,21.8800,21.9300,21.3100,21.6400,51760459,1116774452.2700,3
2021-04-08,sz.000001,21.4600,21.7300,21.3300,21.5600,38302950,825170840.9900,3
2021-04-09,sz.000001,21.7100,21.7200,21.0800,21.3000,39896028,849870878.0400,3
2021-04-12,sz.000001,21.5100,21.5100,20.6300,20.7000,59474314,1240067319.9300,3
2021-04-13,sz.000001,20.7200,20.8800,20.5900,20.7800,49990418,1036992692.5200,3
2021-04-14,sz.000001,20.7900,20.9400,20.4200,20.6700,53743849,1113001541.5500,3
2021-04-15,sz.000001,20.7600,20.7700,20.0800,20.3600,73586505,1494016040.7500,3
2021-04-16,sz.000001,20.3600,20.4300,19.8100,20.2600,72999826,1466509057.4400,3
2021-04-19,sz.000001,20.0300,21.2400,19.9100,21.1500,111228262,2304021478.3100,3
2021-04-20,sz.000001,21.0800,21.9500,20.9200,21.6900,83477272,1798249024.3000,3
2021-04-21,sz.000001,22.3000,23.1900,22.2900,23.0100,159709965,3644577541.2500,3
2021-04-22,sz.000001,23.1900,23.2300,22.7800,22.9800,82969388,1905208911.5900,3
2021-04-23,sz.000001,23.3200,23.6500,23.0700,23.2900,82323015,1920413502.3500,3
2021-04-26,sz.000001,23.8700,24.2300,22.9000,22.9400,87241767,2037109597.0100,3
2021-04-27,sz.000001,22.9500,23.1900,22.8600,22.9400,47043140,1083043579.2700,3
2021-04-28,sz.000001,23.2900,23.4500,22.7800,23.3500,59383793,1375141409.7200,3
2021-04-29,sz.000001,23.3400,23.7100,23.1100,23.5900,61483688,1439823965.3400,3
2021-04-30,sz.000001,23.3500,23.4900,23.0100,23.2900,56198132,1308177202.7800,3
2021-05-06,sz.000001,23.1000,23.7000,23.1000,23.5000,50029522,1174181608.0600,3
2021-05-07,sz.000001,23.6700,24.3000,23.3900,24.0500,80221421,1929112374.4600,3
2021-05-10,sz.000001,24.0000,24.0400,23.0200,23.8600,66143890,1566860764.0900,3
2021-05-11,sz.000001,23.6200,23.7500,23.0600,23.5300,49722345,1161846399.0600,3
2021-05-12,sz.000001,23.2900,23.6400,22.8800,23.5500,53326526,1245517716.8700,3
2021-05-13,sz.000001,23.5200,23.5900,22.8400,23.0700,54965250,1271946298.6200,3
2021-05-14,sz.000001,23.1400,23.4300,22.6000,23.3200,56378536,1300250943.6000,3
2021-05-17,sz.000001,23.1500,23.8200,22.9500,23.6000,52756465,1241605192.3400,3
2021-05-18,sz.000001,23.8500,24.1100,23.4000,23.9000,39541498,939786731.9500,3
2021-05-19,sz.000001,23.8200,24.1300,23.5200,23.6000,42942033,1022553739.1800,3
2021-05-20,sz.000001,23.4100,23.8400,23.2700,23.8200,40578837,957478853.7600,3
2021-05-21,sz.000001,23.8800,24.0900,23.0300,23.4900,53933574,1263058114.6200,3
2021-05-24,sz.000001,23.4800,23.6000,23.1900,23.4800,34393563,806092207.2300,3
2021-05-25,sz.000001,23.5400,24.7300,23.4500,24.6000,97237462,2363145902.7000,3
2021-05-26,sz.000001,24.6400,25.1200,24.5000,25.0100,91926378,2286540248.8600,3
2021-05-27,sz.000001,24.9100,25.1600,24.5200,24.7900,50409136,1246712048.7500,3
2021-05-28,sz.000001,24.6800,24.7100,24.1600,24.5000,49240073,1200523315.7000,3
2021-05-31,sz.000001,24.3300,24.5300,23.9100,24.2000,51535081,1244209045.9900,3
2021-06-01,sz.000001,24.2000,24.2500,23.5000,23.9200,62501796,1490476624.5600,3
2021-06-02,sz.000001,23.8900,23.9200,23.3800,23.8900,49752702,1176608126.9900,3
2021-06-03,sz.000001,23.7200,24.1400,23.6800,23.7700,40090085,958876472.4500,3
2021-06-04,sz.000001,23.9900,24.9600,23.8000,24.5400,75673942,1851425837.6100,3
2021-06-07,sz.000001,24.4800,24.4800,23.9300,24.3000,44791410,1081738832.9500,3
2021-06-08,sz.000001,24.1500,24.5700,23.9500,24.5300,57007792,1384120301.2700,3
2021-06-09,sz.000001,24.4300,24.8800,24.1800,24.6500,45383150,1116771375.4600,3
2021-06-10,sz.000001,24.6600,25.0600,24.1500,24.2000,53021516,1294972566.6500,3
2021-06-11,sz.000001,24.3100,24.3500,23.1200,23.3700,83466504,1965393115.5000,3
2021-06-15,sz.000001,23.3500,23.4300,22.8000,23.2200,66062259,1524503477.6700,3
2021-06-16,sz.000001,23.2200,23.4000,23.0100,23.2600,37820804,878470834.1200,3
2021-06-17,sz.000001,23.0200,23.6900,23.0200,23.1000,45328209,1059121804.3300,3
2021-06-18,sz.000001,23.1300,23.2800,22.3900,22.6500,69409930,1574437729.5800,3
2021-06-21,sz.000001,22.6000,22.6700,22.0100,22.1600,71827274,1600119859.9500,3
2021-06-22,sz.000001,22.3800,23.0900,22.2500,22.9700,75775141,1720058046.8200,3
2021-06-23,sz.000001,22.8500,23.4100,22.7200,23.1400,44790778,1035835695.8800,3
2021-06-24,sz.000001,23.0300,23.1200,22.6800,23.0800,39028349,894502108.5800,3
2021-06-25,sz.000001,23.0800,23.6000,23.0600,23.3600,55997295,1310287389.9000,3
2021-06-28,sz.000001,23.3600,23.3900,22.4800,22.7800,62625737,1425702202.0100,3
2021-06-29,sz.000001,22.5800,22.7900,22.0000,22.3400,104974939,2341926371.4200,3
2021-06-30,sz.000001,22.3600,22.9300,22.3500,22.6200,40343546,913285187.1000,3
2021-07-01,sz.000001,22.8100,23.5000,22.5200,23.2000,66483330,1530548798.5700,3
2021-07-02,sz.000001,22.7200,22.7400,21.7600,21.8100,107067756,2360189793.9800,3
2021-07-05,sz.000001,21.6900,22.1500,21.0900,22.0600,85934129,1859394323.7500,3
2021-07-06,sz.000001,22.0800,23.0000,21.8500,22.7800,79195726,1784792785.5700,3
2021-07-07,sz.000001,22.6800,23.0500,22.5000,22.5500,46894487,1063910095.8300,3
2021-07-08,sz.000001,22.7800,22.7800,21.2000,21.5100,145705947,3140657439.7600,3
2021-07-09,sz.000001,21.3000,21.6300,21.0200,21.2700,76236474,1625461607.7100,3
2021-07-12,sz.000001,21.5000,21.5000,20.8900,21.1600,87790102,1859059510.4800,3
2021-07-13,sz.000001,21.1500,21.3400,20.5400,21.1200,65761395,1382029130.1100,3
2021-07-14,sz.000001,21.0000,21.0000,20.4100,20.7600,84795055,1755810875.1600,3
2021-07-15,sz.000001,20.7200,21.7200,20.6300,21.6200,95600305,2040266258.5900,3
2021-07-16,sz.000001,21.4100,21.8200,21.3000,21.3400,57300261,1230180813.0200,3
2021-07-19,sz.000001,21.3600,21.4300,20.7800,21.2100,52213595,1098434741.8600,3
2021-07-20,sz.000001,21.1000,21.2000,20.4700,20.6000,80403433,1665315545.5300,3
2021-07-21,sz.000001,20.5800,20.8000,20.2000,20.4500,75307652,1535327561.8300,3
2021-07-22,sz.000001,20.4500,20.6600,20.2400,20.3800,86864809,1773999331.0200,3
2021-07-23,sz.000001,20.3800,20.3800,20.0000,20.1000,72740433,1461467511.7900,3
2021-07-26,sz.000001,19.9600,19.9900,18.4300,18.8000,145130394,2770236696.2900,3
2021-07-27,sz.000001,18.8700,18.9900,17.6000,17.7600,135755148,2461708369.8400,3
2021-07-28,sz.000001,17.8500,18.0700,17.6800,17.7500,106299421,1898562591.7600,3
2021-07-29,sz.000001,17.9100,18.2400,17.7800,17.9600,87237812,1566107824.4000,3
2021-07-30,sz.000001,17.9200,18.0500,17.2400,17.6900,95015588,1679747318.2800,3
2021-08-02,sz.000001,17.6400,18.1400,17.1800,18.0100,115992263,2056014242.9100,3
2021-08-03,sz.000001,17.9900,18.1500,17.6600,17.8900,89694857,1609422575.4300,3
2021-08-04,sz.000001,18.0400,18.0700,17.6000,17.8100,72962008,1300164293.3500,3
2021-08-05,sz.000001,17.7000,18.0500,17.5800,17.6800,62157388,1104903004.7000,3
2021-08-06,sz.000001,17.5500,17.9000,17.4500,17.8600,56745413,1005870948.8000,3
2021-08-09,sz.000001,17.9100,19.2500,17.8400,19.0600,175279800,3313803230.9600,3
2021-08-10,sz.000001,19.0900,19.9800,18.9000,19.7300,130198844,2535427989.3100,3
2021-08-11,sz.000001,19.9900,20.5800,19.7000,19.8100,104830844,2104975144.5300,3
2021-08-12,sz.000001,19.7900,20.3000,19.6300,19.8900,66645800,1330388046.1600,3
2021-08-13,sz.000001,19.7800,19.9200,19.5000,19.8900,56288502,1110191399.0000,3
2021-08-16,sz.000001,20.0900,20.2000,19.5700,19.9500,62705022,1247681171.0000,3
2021-08-17,sz.000001,19.8500,20.2200,19.6100,19.6700,47602194,947385521.3900,3
2021-08-18,sz.000001,19.6700,21.2000,19.5500,20.6200,133273216,2732213549.0900,3
2021-08-19,sz.000001,20.4800,20.6200,20.0200,20.3400,64997561,1315320351.8400,3
2021-08-20,sz.000001,19.9700,20.0700,18.7000,19.4200,161462793,3119152554.9300,3
2021-08-23,sz.000001,19.5000,20.0500,19.1100,19.3000,119184935,2315871646.1300,3
2021-08-24,sz.000001,19.3500,19.9700,19.2100,19.3600,86895330,1690760837.0700,3
2021-08-25,sz.000001,19.4200,19.4700,18.9500,19.1600,69808397,1341330418.5100,3
2021-08-26,sz.000001,19.2000,19.2600,18.4100,18.4600,95161900,1783725035.2600,3
2021-08-27,sz.000001,18.5600,18.8800,18.3100,18.3900,72882023,1354408976.9100,3
2021-08-30,sz.000001,18.2100,18.2900,17.5500,17.7200,125221101,2221855858.7000,3
2021-08-31,sz.000001,17.7200,17.9300,17.3100,17.8000,117486786,2072006842.0500,3
2021-09-01,sz.000001,17.4800,17.9200,17.0100,17.8800,231689409,4046284162.5200,3
2021-09-02,sz.000001,18.0000,18.7800,17.8000,18.4000,242260354,4454545280.0600,3
2021-09-03,sz.000001,18.5000,18.5000,17.7000,18.0400,139481871,2523273155.4200,3
2021-09-06,sz.000001,17.9300,18.6000,17.7800,18.4500,151522556,2780281080.5100,3
2021-09-07,sz.000001,18.6000,19.5600,18.3500,19.2400,162234416,3067365668.7200,3
2021-09-08,sz.000001,19.2400,19.5500,19.1000,19.2300,102620105,1979771479.6500,3
2021-09-09,sz.000001,19.1100,19.1500,18.8000,19.0000,73950585,1399536020.5000,3
2021-09-10,sz.000001,18.8900,20.7700,18.8400,20.5700,231494528,4668361827.7200,3
2021-09-13,sz.000001,20.3600,20.5100,19.8100,20.2100,129722802,2606152378.8800,3
2021-09-14,sz.000001,20.1800,20.2700,19.2700,19.3700,115817315,2272080156.8500,3
2021-09-15,sz.000001,19.3100,20.9900,19.1900,19.5200,84161841,1639298361.4400,3
2021-09-16,sz.000001,19.3000,19.5000,18.7300,19.0800,117695356,2234474948.1600,3
2021-09-17,sz.000001,18.9000,19.0000,18.4100,18.5300,112487963,2098715196.6000,3
2021-09-22,sz.000001,17.8700,18.0500,17.4200,17.9800,147336521,2616707242.5800,3
2021-09-23,sz.000001,18.1000,18.3200,17.6500,17.6800,137983759,2465683704.6800,3
2021-09-24,sz.000001,17.6000,17.6800,17.3400,17.3500,126569628,2209461934.4100,3
2021-09-27,sz.000001,17.2100,17.6800,17.0600,17.5700,114066759,1979196739.2700,3
2021-09-28,sz.000001,17.4700,18.1700,17.4500,17.9700,129316747,2311265535.6400,3
2021-09-29,sz.000001,17.8600,18.4400,17.7100,18.1500,123012175,2225416488.1400,3
2021-09-30,sz.000001,18.0900,18.2000,17.7100,17.9300,79561105,1424675916.8600,3
2021-10-08,sz.000001,18.1700,18.8900,18.0200,18.6400,115920062,2146983881.5400,3
2021-10-11,sz.000001,19.0000,19.7400,19.0000,19.4000,145533835,2829310843.7500,3
2021-10-12,sz.000001,19.3000,19.7100,19.2000,19.3500,103123218,2004823967.6100,3
2021-10-13,sz.000001,19.3000,19.9100,19.1700,19.5800,80789668,1577612469.5300,3
2021-10-14,sz.000001,19.5900,19.9200,18.8900,19.2100,84298987,1623970431.4000,3
2021-10-15,sz.000001,19.0000,19.9000,19.0000,19.6600,99349378,1948647236.8100,3
2021-10-18,sz.000001,19.4500,19.5500,19.1000,19.2900,72962250,1408737777.2800,3
2021-10-19,sz.000001,19.1500,19.6800,19.1500,19.5700,68241515,1330501301.7500,3
2021-10-20,sz.000001,19.7500,19.7800,19.1900,19.2400,66295555,1283356219.4900,3
2021-10-21,sz.000001,19.5200,20.0600,19.2500,20.0000,162166101,3198266215.2800,3
2021-10-22,sz.000001,20.1600,20.5900,19.8000,20.0400,113496363,2287284921.4700,3
2021-10-25,sz.000001,19.7100,20.2000,19.5000,20.1200,73082823,1458800089.7700,3
2021-10-26,sz.000001,20.0600,20.4500,19.8600,20.0500,65280684,1313475882.7900,3
2021-10-27,sz.000001,20.0000,20.1700,19.5900,19.9200,68760019,1365982833.6600,3
2021-10-28,sz.000001,19.8000,19.9400,19.3700,19.7200,61901089,1211946109.1400,3
2021-10-29,sz.000001,19.6300,19.7400,19.3200,19.5000,53992976,1052760273.1700,3
2021-11-01,sz.000001,19.3300,19.7300,19.0100,19.3900,84149020,1626762029.8000,3
2021-11-02,sz.000001,19.3700,19.4900,17.9900,18.1800,199769050,3691356324.2900,3
2021-11-03,sz.000001,18.1000,18.2400,17.8500,18.0300,111497204,2009325065.9300,3
2021-11-04,sz.000001,18.0800,18.1000,17.8000,17.8700,98341098,1760671898.3900,3
2021-11-05,sz.000001,17.8500,18.0000,17.5700,17.6400,109603988,1942415605.0700,3
2021-11-08,sz.000001,17.6200,17.8100,17.3600,17.4200,137681482,2406417771.9100,3
2021-11-09,sz.000001,17.4800,17.6500,17.2600,17.5300,124057275,2163193119.3100,3
2021-11-10,sz.000001,17.4600,17.4700,17.1600,17.4000,122085088,2109735147.1700,3
2021-11-11,sz.000001,17.3500,18.4300,17.3200,18.3500,208472900,3752413858.8400,3
2021-11-12,sz.000001,18.3100,18.6300,18.1100,18.2700,95754646,1753072716.4200,3
2021-11-15,sz.000001,18.3500,18.6300,18.2000,18.4300,65508999,1203764095.7100,3
2021-11-16,sz.000001,18.3600,18.5400,18.1700,18.2200,60111048,1099113409.3800,3
2021-11-17,sz.000001,18.1500,18.3000,17.9800,18.1100,66464038,1203859180.0100,3
2021-11-18,sz.000001,18.0900,18.1200,17.7300,17.8000,79984377,1430058311.9500,3
2021-11-19,sz.000001,17.8000,18.2400,17.7000,18.1500,78637156,1414506380.3700,3
2021-11-22,sz.000001,18.0300,18.2500,17.9000,18.1200,73861780,1337768172.4500,3
2021-11-23,sz.000001,18.1100,18.3500,17.6800,17.8800,123597796,2213817590.5600,3
2021-11-24,sz.000001,17.7700,17.9500,17.6600,17.8700,74131084,1316774397.9600,3
2021-11-25,sz.000001,17.7400,17.7900,17.6300,17.6800,60353270,1068221304.5100,3
2021-11-26,sz.000001,17.6200,17.6700,17.5200,17.5800,69449988,1219937312.7600,3
2021-11-29,sz.000001,17.4100,17.5700,17.3600,17.5100,51259471,895105981.9700,3
2021-11-30,sz.000001,17.5400,17.6800,17.3500,17.4400,73361606,1280384552.2500,3
2021-12-01,sz.000001,17.4300,17.7700,17.3700,17.6400,70692519,1243666842.2000,3
2021-12-02,sz.000001,17.6200,17.8100,17.3700,17.5900,99479835,1749164558.4200,3
2021-12-03,sz.000001,17.6400,17.7000,17.4100,17.6500,70759974,1242375057.3200,3
2021-12-06,sz.000001,17.8500,18.5600,17.8000,18.1000,214562528,3896385171.7900,3
2021-12-07,sz.000001,18.3000,18.6700,18.1500,18.4600,161644387,2979968976.7700,3
2021-12-08,sz.000001,18.4500,18.5500,18.1600,18.4700,98028118,1798691052.8600,3
2021-12-09,sz.000001,18.4900,19.0600,18.3700,18.7000,145588668,2726663443.3000,3
2021-12-10,sz.000001,18.5100,18.7000,18.2700,18.3800,98925513,1824076523.0400,3
2021-12-13,sz.000001,18.4700,18.8800,18.1800,18.2700,131449027,2427803721.7200,3
2021-12-14,sz.000001,18.1600,18.1700,17.5200,17.5800,193720890,3434156327.9900,3
2021-12-15,sz.000001,17.5100,17.6600,17.4000,17.5500,129462741,2269821045.3200,3
2021-12-16,sz.000001,17.5500,17.7300,17.4600,17.7200,81947951,1445483375.0400,3
2021-12-17,sz.000001,17.7000,17.7500,17.5700,17.5700,60236967,1062875482.9800,3
2021-12-20,sz.000001,17.5600,17.6500,17.4500,17.5200,74643520,1309029268.8100,3
2021-12-21,sz.000001,17.4900,17.7100,17.4800,17.5900,89373404,1572895581.5000,3
2021-12-22,sz.000001,17.6200,17.6400,17.3000,17.3900,97692775,1701772583.5200,3
2021-12-23,sz.000001,17.4000,17.4300,17.2100,17.3200,105957594,1831122716.4700,3
2021-12-24,sz.000001,17.3300,17.3500,17.2100,17.3100,48825149,843109664.7700,3
2021-12-27,sz.000001,17.3300,17.3500,17.1600,17.2200,73111899,1260455319.1900,3
2021-12-28,sz.000001,17.2200,17.3300,17.0900,17.1700,112663891,1934461075.5100,3
2021-12-29,sz.000001,17.1600,17.1600,16.7000,16.7500,146937398,2480534592.8600,3
2021-12-30,sz.000001,16.7600,16.9500,16.7200,16.8200,79666360,1342374249.4600,3
2021-12-31,sz.000001,16.8600,16.9000,16.4000,16.4800,175076089,2899617148.5500,3
2022-01-04,sz.000001,16.4800,16.6600,16.1800,16.6600,116925933,1918887050.9400,3
2022-01-05,sz.000001,16.5800,17.2200,16.5500,17.1500,196199817,3344124589.3500,3
2022-01-06,sz.000001,17.1100,17.2700,17.0000,17.1200,110788519,1896535837.6000,3
2022-01-07,sz.000001,17.1000,17.2800,17.0600,17.2000,112663070,1937710958.2800,3
2022-01-10,sz.000001,17.2900,17.4200,17.0300,17.1900,90977401,1563414572.4700,3
2022-01-11,sz.000001,17.2600,17.5400,17.1400,17.4100,158199940,2752485391.2800,3
2022-01-12,sz.000001,17.4100,17.4500,16.9000,17.0000,150216355,2561266412.2500,3
2022-01-13,sz.000001,16.9100,17.2400,16.8200,16.9800,90942265,1550319158.8700,3
2022-01-14,sz.000001,17.0000,17.0200,16.3000,16.3300,210309491,3459950804.5300,3
2022-01-17,sz.000001,16.3500,16.4800,16.1200,16.2200,114368943,1855633789.5900,3
2022-01-18,sz.000001,16.2500,16.5400,16.1600,16.5200,115297431,1891094610.0900,3
2022-01-19,sz.000001,16.5400,16.6900,16.3600,16.5000,98839185,1630973587.2000,3
2022-01-20,sz.000001,16.4700,17.4600,16.4200,17.3300,303119376,5195805549.5800,3
2022-01-21,sz.000001,17.4500,17.5600,17.2100,17.3500,148168295,2575115124.6900,3
2022-01-24,sz.000001,17.3400,17.3800,16.9800,17.2000,87477087,1501390339.0100,3
2022-01-25,sz.000001,17.0800,17.0800,16.8100,16.8500,109328397,1851999025.4200,3
2022-01-26,sz.000001,16.9500,17.1000,16.5400,16.6500,98497522,1646384984.3700,3
2022-01-27,sz.000001,16.5000,16.5400,16.2500,16.3000,102464311,1677261296.3300,3
2022-01-28,sz.000001,16.3900,16.4500,15.8200,15.8300,167556367,2695470330.6200,3
2022-02-07,sz.000001,16.0200,16.4100,15.8900,16.3900,151547630,2451798485.8400,3
2022-02-08,sz.000001,16.3000,16.9700,16.2600,16.8300,175469528,2950309012.4900,3
2022-02-09,sz.000001,16.9200,17.0000,16.7100,16.8600,105116166,1774253636.5000,3
2022-02-10,sz.000001,16.7700,17.0300,16.6700,16.9900,78455735,1326848947.7900,3
2022-02-11,sz.000001,17.0300,17.3400,17.0300,17.1000,107813914,1852167493.2300,3
2022-02-14,sz.000001,17.1000,17.1500,16.5100,16.5800,115065851,1917613419.4300,3
2022-02-15,sz.000001,16.5000,16.6700,16.1000,16.2800,120826437,1968985378.1800,3
2022-02-16,sz.000001,16.3500,16.5300,16.2100,16.4100,78239959,1282234150.2100,3
2022-02-17,sz.000001,16.3900,16.5500,16.3200,16.4200,79450184,1306514349.5900,3
2022-02-18,sz.000001,16.3200,16.7700,16.3100,16.7700,80249940,1330233365.6800,3
2022-02-21,sz.000001,16.6600,16.6700,16.3200,16.5100,80099455,1316023718.1200,3
2022-02-22,sz.000001,16.3100,16.4400,16.1600,16.2300,89495673,1454156224.8700,3
2022-02-23,sz.000001,16.3000,16.3100,16.0400,16.1900,88674244,1431289852.1400,3
2022-02-24,sz.000001,16.1300,16.1500,15.8000,15.9100,132408685,2112842553.1000,3
2022-02-25,sz.000001,15.9900,16.0800,15.8700,15.9000,72639707,1157890268.4800,3
2022-02-28,sz.000001,15.9000,15.9200,15.6200,15.7500,72399045,1137154096.0000,3
2022-03-01,sz.000001,15.7900,15.9500,15.6200,15.9200,93504034,1474693968.0000,3
2022-03-02,sz.000001,15.7900,15.8700,15.6600,15.6800,76076086,1196321952.0000,3
2022-03-03,sz.000001,15.7300,15.8100,15.6300,15.7100,57828505,908171584.0000,3
2022-03-04,sz.000001,15.6200,15.6300,15.2800,15.3300,99093566,1523793664.0000,3
2022-03-07,sz.000001,15.1700,15.1700,14.6600,14.7200,111315899,1655959936.0000,3
2022-03-08,sz.000001,14.6200,14.8600,14.2500,14.3100,100303269,1463145936.0000,3
2022-03-09,sz.000001,14.4000,14.4500,13.2200,13.8400,180076017,2492042992.0000,3
2022-03-10,sz.000001,14.1800,14.7500,14.0900,14.5700,224915816,3269867792.0000,3
2022-03-11,sz.000001,14.4000,14.9800,14.1500,14.9000,149364697,2187480608.0000,3
2022-03-14,sz.000001,14.6300,14.9300,14.4500,14.4900,111840734,1637278464.0000,3
2022-03-15,sz.000001,14.4000,14.4000,13.6000,13.6800,178140887,2479769552.0000,3
2022-03-16,sz.000001,13.8600,14.4000,13.5100,14.3100,153177906,2141637072.0000,3
2022-03-17,sz.000001,14.6600,14.7100,14.2400,14.4500,173006142,2506504224.0000,3
2022-03-18,sz.000001,14.3600,14.8500,14.1400,14.7000,152880713,2222158762.0200,3
2022-03-21,sz.000001,14.5000,14.8200,14.3900,14.5900,120886805,1765673892.1200,3
2022-03-22,sz.000001,14.5900,15.2200,14.5000,15.1800,162865658,2443174055.8500,3
2022-03-23,sz.000001,15.1100,15.1900,14.9000,15.0000,105010238,1577561341.6600,3
2022-03-24,sz.000001,14.9200,15.3100,14.8100,15.2000,100235995,1518870080.3100,3
2022-03-25,sz.000001,15.1500,15.2500,14.8200,14.9800,74293335,1116354595.1600,3
2022-03-28,sz.000001,14.8000,15.0500,14.6300,14.8500,72713699,1078327302.9300,3
2022-03-29,sz.000001,14.8800,14.9500,14.6000,14.6800,61564315,909169631.2400,3
2022-03-30,sz.000001,14.8600,15.2700,14.7600,15.2100,123679155,1859617040.6400,3
2022-03-31,sz.000001,15.1000,15.5700,15.0600,15.3800,116374674,1789209946.7900,3
2022-04-01,sz.000001,15.3700,15.7900,15.2000,15.7500,148487874,2319616863.0200,3
2022-04-06,sz.000001,15.6400,16.5400,15.6300,16.3900,248854005,4064051491.8400,3
2022-04-07,sz.000001,16.3800,16.6600,16.2000,16.2800,165906455,2724002904.7800,3
2022-04-08,sz.000001,16.2600,16.4500,16.1300,16.4000,106677946,1741072072.4800,3
2022-04-11,sz.000001,16.3500,16.4000,15.8000,16.0500,141673536,2277469055.7800,3
2022-04-12,sz.000001,16.0500,16.2600,15.6600,15.9200,103926142,1654820082.5300,3
2022-04-13,sz.000001,15.8900,16.0800,15.7200,15.8000,89062806,1415496125.9800,3
2022-04-14,sz.000001,16.0000,16.2500,15.9200,16.0400,92961494,1493343952.1500,3
2022-04-15,sz.000001,15.9000,16.5300,15.8600,16.4200,123176103,2014010094.3300,3
2022-04-18,sz.000001,16.1500,16.2000,15.8100,15.9000,108688756,1734236523.8500,3
2022-04-19,sz.000001,15.9000,15.9700,15.6200,15.8100,82177249,1294226951.2100,3
2022-04-20,sz.000001,15.8100,16.0500,15.7000,15.8500,71655528,1137697846.9800,3
2022-04-21,sz.000001,15.7700,15.9800,15.7000,15.8100,70989116,1124663651.0400,3
2022-04-22,sz.000001,15.6400,16.1900,15.4000,16.0600,92127408,1468452957.9500,3
2022-04-25,sz.000001,15.6700,15.9100,14.7800,14.8500,166448098,2527610217.4300,3
2022-04-26,sz.000001,14.8800,14.9800,14.4500,14.7300,98820956,1456929632.1900,3
2022-04-27,sz.000001,14.9800,15.6500,14.9600,15.6500,149029503,2296798759.0000,3
2022-04-28,sz.000001,15.5700,15.9300,15.3700,15.6500,91177187,1426381925.8100,3
2022-04-29,sz.000001,15.6900,15.7400,14.9700,15.3200,164501308,2503476827.8400,3
2022-05-05,sz.000001,15.2000,15.4500,15.1500,15.3200,79019620,1208735141.8300,3
2022-05-06,sz.000001,15.0200,15.2000,14.9100,14.9600,83243182,1250995594.7700,3
2022-05-09,sz.000001,14.9400,14.9400,14.4600,14.5500,81862135,1197104247.0600,3
2022-05-10,sz.000001,14.5000,14.6000,14.1100,14.5900,99228502,1425836927.2300,3
2022-05-11,sz.000001,14.5400,14.8400,14.4400,14.6300,84857362,1240700426.0700,3
2022-05-12,sz.000001,14.4800,14.5600,14.3300,14.3800,68506423,987061607.2200,3
2022-05-13,sz.000001,14.5000,14.6600,14.4900,14.6100,67631191,985962932.0900,3
2022-05-16,sz.000001,14.6600,14.7300,14.3500,14.4100,66822782,965652298.0600,3
2022-05-17,sz.000001,14.5100,14.7200,14.3200,14.7100,93140639,1357428406.7500,3
2022-05-18,sz.000001,14.8500,14.8900,14.6700,14.7500,77857833,1150500437.9500,3
2022-05-19,sz.000001,14.5500,14.7000,14.5000,14.6200,59092172,863214130.5200,3
2022-05-20,sz.000001,14.7000,15.0400,14.6700,15.0200,94859778,1415164711.3100,3
2022-05-23,sz.000001,15.0700,15.0700,14.7600,14.8300,64772592,962683728.6800,3
2022-05-24,sz.000001,14.8700,14.8700,14.4000,14.4000,93355706,1358693535.3300,3
2022-05-25,sz.000001,14.4300,14.4900,14.3000,14.3900,60322826,866228924.0200,3
2022-05-26,sz.000001,14.4100,14.4300,14.0700,14.1900,101131756,1435689342.0400,3
2022-05-27,sz.000001,14.2900,14.3500,14.1100,14.1800,72306674,1029702185.9300,3
2022-05-30,sz.000001,14.2600,14.2800,14.0400,14.0800,89690123,1265573047.5900,3
2022-05-31,sz.000001,14.0700,14.1800,14.0000,14.1600,93886855,1325012047.9900,3
2022-06-01,sz.000001,14.1400,14.1400,14.0000,14.0800,84529898,1187423732.0400,3
2022-06-02,sz.000001,14.0200,14.0300,13.8800,13.9500,97926822,1363740797.7900,3
2022-06-06,sz.000001,13.9100,14.1700,13.6400,14.1700,171085175,2370807610.4800,3
2022-06-07,sz.000001,14.0200,14.2500,13.9900,14.1600,131511262,1860366715.7100,3
2022-06-08,sz.000001,14.1600,14.1700,14.0100,14.1600,114552124,1613524957.8200,3
2022-06-09,sz.000001,14.1400,14.4600,14.1000,14.3500,163290134,2339986707.8800,3
2022-06-10,sz.000001,14.2600,14.3300,14.1300,14.3200,134601231,1914639698.1100,3
2022-06-13,sz.000001,14.1800,14.1900,13.8800,13.9100,154775285,2163340108.9100,3
2022-06-14,sz.000001,13.7100,14.1300,13.7100,14.1200,115142939,1602169897.9900,3
2022-06-15,sz.000001,14.1000,15.1100,14.0600,14.7400,341354368,5010292726.7700,3
2022-06-16,sz.000001,14.7400,14.8300,14.4200,14.4400,133254631,1939976254.7700,3
2022-06-17,sz.000001,14.3200,14.5300,14.2000,14.4500,105378794,1513925913.6700,3
2022-06-20,sz.000001,14.4400,14.4400,14.2600,14.3400,103216680,1479529786.9700,3
2022-06-21,sz.000001,14.3400,14.6300,14.2300,14.3700,132179398,1905346056.7000,3
2022-06-22,sz.000001,14.3600,14.3600,14.0800,14.0800,105604592,1498415783.7300,3
2022-06-23,sz.000001,14.0900,14.2300,14.0600,14.2000,80602803,1140899091.6400,3
2022-06-24,sz.000001,14.2000,14.2500,14.1100,14.2300,86604061,1227798687.0900,3
2022-06-27,sz.000001,14.2400,14.5600,14.2200,14.4900,149727818,2166380438.0400,3
2022-06-28,sz.000001,14.4700,14.6700,14.4100,14.6300,112511048,1638673242.4100,3
2022-06-29,sz.000001,14.6500,14.9000,14.5500,14.6400,126654728,1865064678.4800,3
2022-06-30,sz.000001,14.6300,15.0200,14.5500,14.9800,154874501,2304888691.7300,3
2022-07-01,sz.000001,15.0000,15.0700,14.8400,14.9200,77924332,1164030775.9500,3
2022-07-04,sz.000001,14.9500,14.9800,14.7500,14.9400,83496807,1241453402.1100,3
2022-07-05,sz.000001,14.9900,15.2700,14.8200,14.9100,111517210,1674719025.1200,3
2022-07-06,sz.000001,14.8300,14.9300,14.4600,14.5300,104333523,1520022514.7700,3
2022-07-07,sz.000001,14.5400,14.6500,14.3800,14.4200,73016098,1057696546.6900,3
2022-07-08,sz.000001,14.5000,14.6500,14.3700,14.5400,63969823,928850348.7400,3
2022-07-11,sz.000001,14.5000,14.5700,14.3600,14.4600,61169194,883613754.0500,3
2022-07-12,sz.000001,14.4100,14.7300,14.3800,14.4200,74288242,1078431989.6100,3
2022-07-13,sz.000001,14.4200,14.4700,13.8900,13.9700,217599606,3056913117.8400,3
2022-07-14,sz.000001,13.7000,13.7100,13.2900,13.3700,263212087,3534578702.1300,3
2022-07-15,sz.000001,13.4800,13.5600,13.2200,13.2400,159863740,2139915274.0300,3
2022-07-18,sz.000001,13.2500,13.4400,13.2100,13.3900,115350581,1536340973.2000,3
2022-07-19,sz.000001,13.3400,13.4300,13.2800,13.4200,75559710,1008562417.2400,3
2022-07-20,sz.000001,13.4300,13.4700,13.3500,13.3900,80145866,1073936299.7600,3
2022-07-21,sz.000001,13.3200,13.3400,12.9900,13.0100,197038789,2588696130.2300,3
2022-07-22,sz.000001,12.8400,12.9300,12.6200,12.8100,137650974,1755555714.4900,3
2022-07-25,sz.000001,12.8000,12.8500,12.6700,12.8200,76395581,976071707.3000,3
2022-07-26,sz.000001,12.7500,12.9100,12.7100,12.9100,102404881,1314310442.3100,3
2022-07-27,sz.000001,12.8500,12.8800,12.7300,12.7900,92391408,1182889760.7400,3
2022-07-28,sz.000001,12.8100,12.9100,12.7800,12.8800,75034652,964903657.6600,3
2022-07-29,sz.000001,12.8800,12.9000,12.6500,12.6800,83149747,1059518584.7200,3
2022-08-01,sz.000001,12.6600,12.6600,12.4000,12.4200,102573271,1277987010.0000,3
2022-08-02,sz.000001,12.2200,12.3400,11.9400,12.2600,137300930,1664397666.1200,3
2022-08-03,sz.000001,12.1900,12.2700,12.0100,12.0300,74613653,905653324.7100,3
2022-08-04,sz.000001,12.1000,12.1700,12.0200,12.1600,60267562,729351710.0200,3
2022-08-05,sz.000001,12.1300,12.3300,11.9800,12.3100,76529787,930836354.1000,3
2022-08-08,sz.000001,12.2500,12.3600,12.1600,12.2000,55199969,674950920.8000,3
2022-08-09,sz.000001,12.2100,12.2200,12.0800,12.1200,55844757,677098632.5500,3
2022-08-10,sz.000001,12.1200,12.2400,12.0200,12.0600,68302321,825806007.7700,3
2022-08-11,sz.000001,12.0800,12.3900,12.0400,12.3500,139930361,1710719478.1100,3
2022-08-12,sz.000001,12.2600,12.4100,12.2000,12.3800,82050356,1010612433.4000,3
2022-08-15,sz.000001,12.2900,12.3600,12.0900,12.1100,117201000,1425087455.2300,3
2022-08-16,sz.000001,12.1100,12.2000,12.1000,12.1300,63122370,765907218.7200,3
2022-08-17,sz.000001,12.1500,12.4200,12.0700,12.4000,134850658,1656961619.3600,3
2022-08-18,sz.000001,12.4800,12.5400,12.1600,12.2500,126970094,1560630567.7000,3
2022-08-19,sz.000001,12.2700,12.7500,12.2300,12.5700,210641724,2653471090.1000,3
2022-08-22,sz.000001,12.5800,12.6800,12.4100,12.5000,113807658,1423361878.6900,3
2022-08-23,sz.000001,12.4500,12.4900,12.2800,12.3400,92146307,1137300431.4500,3
2022-08-24,sz.000001,12.3300,12.5400,12.3300,12.4000,129537533,1613309589.1300,3
2022-08-25,sz.000001,12.4000,12.6600,12.3000,12.6200,106401061,1329230362.3200,3
2022-08-26,sz.000001,12.6800,12.7500,12.4600,12.6100,92763426,1168951099.4600,3
2022-08-29,sz.000001,12.5000,12.5600,12.3100,12.4200,92449065,1145189174.1500,3
2022-08-30,sz.000001,12.4300,12.5400,12.2800,12.4800,79971238,991447627.2500,3
2022-08-31,sz.000001,12.3800,12.7800,12.3600,12.7500,165304158,2091408314.7800,3
2022-09-01,sz.000001,12.6500,12.7900,12.5800,12.6100,86198195,1092666276.9700,3
2022-09-02,sz.000001,12.6200,12.6900,12.4300,12.5100,78636281,983433862.8500,3
2022-09-05,sz.000001,12.4600,12.6000,12.3700,12.5700,63203998,788451088.8000,3
2022-09-06,sz.000001,12.5800,12.6600,12.4300,12.5000,73129499,914692183.6200,3
2022-09-07,sz.000001,12.4200,12.4200,12.2800,12.3300,97981281,1208329758.8600,3
2022-09-08,sz.000001,12.3200,12.4400,12.3000,12.3600,62111692,768913483.5500,3
2022-09-09,sz.000001,12.4000,12.7400,12.3600,12.7200,195129731,2469131334.3500,3
2022-09-13,sz.000001,12.8800,13.0200,12.6600,12.9500,172268989,2223707380.1400,3
2022-09-14,sz.000001,12.7500,12.8700,12.7000,12.7300,85803584,1095054828.6900,3
2022-09-15,sz.000001,12.8000,13.1000,12.7700,13.0000,184101788,2393239453.4100,3
2022-09-16,sz.000001,12.9200,12.9500,12.5600,12.5600,135744781,1719252822.1300,3
2022-09-19,sz.000001,12.5400,12.6700,12.4800,12.5700,63212104,793491306.1100,3
2022-09-20,sz.000001,12.6100,12.6300,12.3200,12.3400,88998853,1102212203.6400,3
2022-09-21,sz.000001,12.3100,12.4800,12.2000,12.4300,68419739,845477181.5100,3
2022-09-22,sz.000001,12.3300,12.3600,12.2500,12.2900,58613338,720058210.3200,3
2022-09-23,sz.000001,12.2400,12.4300,12.2300,12.2900,58644106,722703127.6800,3
2022-09-26,sz.000001,12.1600,12.2800,11.9900,12.0000,90372904,1094060839.0500,3
2022-09-27,sz.000001,12.0000,12.1600,11.8100,12.1500,78962229,946732993.8400,3
2022-09-28,sz.000001,12.0900,12.2500,11.9200,12.1100,78092558,946211766.9000,3
2022-09-29,sz.000001,12.2500,12.2800,11.8200,11.8600,91771804,1100405198.1700,3
2022-09-30,sz.000001,11.8700,11.9600,11.8300,11.8400,53723019,638906947.7700,3
2022-10-10,sz.000001,11.7000,11.7700,11.4600,11.4700,96608018,1119089730.6800,3
2022-10-11,sz.000001,11.5400,11.5800,11.4100,11.4800,41525337,476749226.5000,3
2022-10-12,sz.000001,11.4500,11.6200,11.3500,11.6000,55957243,641776508.9100,3
2022-10-13,sz.000001,11.5100,11.5400,11.3100,11.3400,85261597,970021739.4000,3
2022-10-14,sz.000001,11.4500,11.6300,11.4000,11.5300,109606158,1265486550.3300,3
2022-10-17,sz.000001,11.4200,11.5200,11.3400,11.4800,102482271,1171523550.1600,3
2022-10-18,sz.000001,11.5500,11.6400,11.4600,11.4800,94683709,1091646643.7200,3
2022-10-19,sz.000001,11.4200,11.4900,11.2800,11.2900,92398968,1049700767.1900,3
2022-10-20,sz.000001,11.2300,11.3100,11.1600,11.2000,78192323,876967150.6100,3
2022-10-21,sz.000001,11.2100,11.2500,11.0700,11.0900,78557429,876648490.6100,3
2022-10-24,sz.000001,11.0900,11.1000,10.6100,10.6200,138339065,1496043940.1300,3
2022-10-25,sz.000001,10.7000,10.8100,10.6000,10.6500,131697940,1406437766.0600,3
2022-10-26,sz.000001,10.6400,10.7300,10.6100,10.6600,114382988,1220733277.8500,3
2022-10-27,sz.000001,10.7000,10.7700,10.6600,10.6800,95738346,1024868047.2100,3
2022-10-28,sz.000001,10.6300,10.7000,10.4100,10.4200,105794701,1114999302.1100,3
2022-10-31,sz.000001,10.3300,10.4500,10.2200,10.3400,98309569,1016230012.2200,3
2022-11-01,sz.000001,10.3800,10.6800,10.3600,10.6700,138123413,1459758367.3200,3
2022-11-02,sz.000001,10.6100,10.6800,10.4800,10.6300,130298818,1377816220.1300,3
2022-11-03,sz.000001,10.5400,10.5700,10.3800,10.4400,98353561,1028904286.0400,3
2022-11-04,sz.000001,10.4000,10.8500,10.3900,10.8200,177611223,1903720943.5200,3
2022-11-07,sz.000001,10.8100,10.9100,10.7300,10.8800,98808204,1070554832.9000,3
2022-11-08,sz.000001,10.8900,10.9200,10.7800,10.8500,58322205,632835804.8200,3
2022-11-09,sz.000001,10.8400,11.0800,10.8200,10.8900,83210685,911153622.4500,3
2022-11-10,sz.000001,10.7900,10.9000,10.6900,10.8700,55202119,596916589.2700,3
2022-11-11,sz.000001,11.1300,11.6600,11.0100,11.4300,254507055,2878557391.6100,3
2022-11-14,sz.000001,11.7000,12.2800,11.7000,11.9500,387208410,4637823413.9700,3
2022-11-15,sz.000001,11.8600,12.1800,11.8300,12.0100,157390134,1891249648.0500,3
2022-11-16,sz.000001,11.9700,12.0500,11.7900,11.8200,127869288,1519133931.8500,3
2022-11-17,sz.000001,11.8100,11.8400,11.5800,11.6900,109104716,1273790880.6600,3
2022-11-18,sz.000001,11.7400,11.7800,11.5700,11.5900,86809329,1011078679.5900,3
2022-11-21,sz.000001,11.4800,11.5000,11.2200,11.4600,104773707,1189388618.2600,3
2022-11-22,sz.000001,11.4600,11.9300,11.4400,11.8200,149132388,1748727406.5800,3
2022-11-23,sz.000001,11.7800,12.0500,11.7200,11.8200,124765653,1483352651.7300,3
2022-11-24,sz.000001,11.9200,11.9900,11.6900,11.7700,79671882,941002372.9200,3
2022-11-25,sz.000001,11.7900,12.2300,11.7700,12.1700,176072817,2130171604.6400,3
2022-11-28,sz.000001,11.9000,11.9200,11.6900,11.8100,133156295,1568351120.1700,3
2022-11-29,sz.000001,12.1600,12.9900,12.1300,12.9900,474927650,6026006641.9700,3
2022-11-30,sz.000001,12.9000,13.3400,12.8200,13.0300,320962830,4206404173.0800,3
2022-12-01,sz.000001,13.3800,13.6600,13.0700,13.1000,200268883,2658203027.2000,3
2022-12-02,sz.000001,13.1400,13.1500,12.6900,12.9000,140420278,1803658762.2500,3
2022-12-05,sz.000001,13.0900,13.5700,13.0100,13.5300,228762742,3057231972.5700,3
2022-12-06,sz.000001,13.3400,13.6600,13.2500,13.4300,125257891,1680593515.5000,3
2022-12-07,sz.000001,13.3300,13.3700,13.0300,13.1500,137737690,1815667663.4500,3
2022-12-08,sz.000001,13.1500,13.5200,13.1200,13.3600,106572280,1422047904.5000,3
2022-12-09,sz.000001,13.4000,13.7500,13.3500,13.7000,161583192,2197501648.8100,3
2022-12-12,sz.000001,13.5800,13.5800,13.0600,13.1100,139258428,1848277966.6000,3
2022-12-13,sz.000001,13.1500,13.3600,13.1400,13.2400,90228513,1194285343.0900,3
2022-12-14,sz.000001,13.2300,13.4000,13.0800,13.2300,97406110,1287867945.0700,3
2022-12-15,sz.000001,13.1400,13.2800,12.9400,13.1000,83534926,1094434005.9800,3
2022-12-16,sz.000001,13.0200,13.4000,13.0200,13.3400,92425167,1225269166.2500,3
2022-12-19,sz.000001,13.3300,13.4700,12.9500,13.0400,103086606,1355435567.1600,3
2022-12-20,sz.000001,12.9700,13.0800,12.6700,12.7600,89621223,1150630681.3800,3
2022-12-21,sz.000001,12.8500,12.9900,12.7400,12.8900,61458964,791782473.2900,3
2022-12-22,sz.000001,13.0000,13.1500,12.9000,12.9500,67239430,876159828.4800,3
2022-12-23,sz.000001,12.8500,13.0600,12.8000,12.9800,56442641,730705958.5300,3
2022-12-26,sz.000001,12.9900,13.0400,12.7100,12.7700,79711987,1021903962.6500,3
2022-12-27,sz.000001,12.8700,13.2200,12.8700,13.1100,88600412,1160090119.0100,3
2022-12-28,sz.000001,13.1600,13.3800,13.0000,13.1400,79119198,1042402080.4100,3
2022-12-29,sz.000001,13.0700,13.1300,12.8500,13.0300,66689009,865144967.1000,3
2022-12-30,sz.000001,13.0400,13.2800,12.9600,13.1600,81803598,1074756753.7500,3
2023-01-03,sz.000001,13.2000,13.8500,13.0500,13.7700,219412794,2971546989.0400,3
2023-01-04,sz.000001,13.7100,14.4200,13.6300,14.3200,218968253,3110729449.0300,3
2023-01-05,sz.000001,14.4000,14.7400,14.3700,14.4800,166542518,2417272355.9900,3
2023-01-06,sz.000001,14.5000,14.7200,14.4800,14.6200,119574471,1747915169.2600,3
2023-01-09,sz.000001,14.7500,14.8800,14.5200,14.8000,105765911,1561368487.3000,3
2023-01-10,sz.000001,14.7600,14.8900,14.3900,14.4400,126942339,1851093716.7600,3
2023-01-11,sz.000001,14.4500,14.7800,14.3900,14.6700,83056612,1217450811.6400,3
2023-01-12,sz.000001,14.7700,14.7700,14.5300,14.6700,62569484,914367699.6500,3
2023-01-13,sz.000001,14.6700,14.9500,14.5500,14.9500,94908583,1407181074.2900,3
2023-01-16,sz.000001,14.9500,15.2800,14.8500,15.0800,156003989,2356399992.8300,3
2023-01-17,sz.000001,15.1300,15.1800,14.7700,14.9700,93583454,1396151514.5200,3
2023-01-18,sz.000001,14.9500,15.1800,14.9100,15.1100,71843403,1083362997.5300,3
2023-01-19,sz.000001,15.1300,15.2500,14.8700,15.0900,64187520,963744633.4700,3
2023-01-20,sz.000001,15.1600,15.2400,15.0000,15.1300,60859008,920144805.7300,3
2023-01-30,sz.000001,15.6000,15.7400,14.8900,15.1500,137431750,2096867649.3700,3
2023-01-31,sz.000001,15.2400,15.5100,14.9600,14.9900,103049784,1568639326.2100,3
2023-02-01,sz.000001,15.0300,15.0800,14.5100,14.7000,165342148,2426471972.5200,3
2023-02-02,sz.000001,14.7400,14.7800,14.2700,14.6000,157790039,2280744883.1300,3
2023-02-03,sz.000001,14.4500,14.5500,14.1600,14.3200,124638298,1782105890.7900,3
2023-02-06,sz.000001,14.1000,14.1300,13.8600,14.0000,131761010,1838428709.0300,3
2023-02-07,sz.000001,14.0600,14.3200,14.0300,14.2100,86946046,1235297762.5400,3
2023-02-08,sz.000001,14.2400,14.3200,14.0300,14.0400,65789257,928708933.8500,3
2023-02-09,sz.000001,14.0100,14.3000,13.9600,14.1300,83035002,1174361963.2800,3
2023-02-10,sz.000001,14.1000,14.1200,13.8600,13.9800,84728366,1184283386.2000,3
2023-02-13,sz.000001,13.9400,13.9400,13.6000,13.8200,180005416,2473405202.9200,3
2023-02-14,sz.000001,13.8500,13.9800,13.8000,13.9600,90993709,1263892077.7200,3
2023-02-15,sz.000001,13.9500,13.9600,13.6200,13.6700,125024398,1713566672.7200,3
2023-02-16,sz.000001,13.6800,13.9100,13.5000,13.6000,127912329,1757431083.8500,3
2023-02-17,sz.000001,13.6300,13.7200,13.4300,13.4300,91836369,1246777397.1100,3
2023-02-20,sz.000001,13.5000,14.1500,13.4900,14.1500,211619117,2945969773.3900,3
2023-02-21,sz.000001,14.0600,14.2000,13.9200,14.1000,99049499,1393153377.3000,3
2023-02-22,sz.000001,14.0000,14.1200,13.9400,14.0200,63892239,895742534.3100,3
2023-02-23,sz.000001,14.0000,14.3200,13.9800,14.0500,82449068,1165539851.1900,3
2023-02-24,sz.000001,14.0200,14.0300,13.8000,13.8600,72998904,1012652971.8800,3
2023-02-27,sz.000001,13.7500,13.8800,13.6800,13.6900,62146193,854854040.5400,3
2023-02-28,sz.000001,13.7500,13.8500,13.6100,13.7800,60793592,833316018.4500,3
2023-03-01,sz.000001,13.8000,14.1900,13.7400,14.1700,122345178,1719710647.0600,3
2023-03-02,sz.000001,14.1300,14.4400,14.0600,14.2400,101587684,1447565979.9800,3
2023-03-03,sz.000001,14.3500,14.3700,14.1400,14.2900,69095439,985552120.6300,3
2023-03-06,sz.000001,14.3000,14.3000,13.7200,13.8500,145582414,2023954547.2000,3
2023-03-07,sz.000001,13.8500,14.1000,13.6500,13.6900,127926629,1773654737.0300,3
2023-03-08,sz.000001,13.6300,13.6400,13.4000,13.5300,109689791,1479838980.0700,3
2023-03-09,sz.000001,13.5400,13.5800,13.1300,13.2000,173606476,2305765842.2100,3
2023-03-10,sz.000001,13.0000,13.2700,13.0000,13.1400,85699610,1128558359.5000,3
2023-03-13,sz.000001,13.1200,13.2900,13.0000,13.0500,100063496,1309490079.3800,3
2023-03-14,sz.000001,12.9900,13.0000,12.7300,12.8700,114907558,1474124198.8600,3
2023-03-15,sz.000001,13.0500,13.1800,12.9400,13.0500,97936372,1278262225.4700,3
2023-03-16,sz.000001,12.8900,13.0300,12.8000,12.8200,91679249,1182054433.6200,3
2023-03-17,sz.000001,12.9900,13.0400,12.6500,12.7500,155681414,2000832407.8300,3
2023-03-20,sz.000001,12.7600,12.8500,12.5500,12.5700,118881633,1505893658.6800,3
2023-03-21,sz.000001,12.6500,12.7800,12.5000,12.7000,84074317,1060914056.3700,3
2023-03-22,sz.000001,12.7500,12.8800,12.7100,12.7900,87669077,1121080753.3800,3
2023-03-23,sz.000001,12.7000,12.9000,12.6300,12.9000,80430604,1029380497.2700,3
2023-03-24,sz.000001,12.8500,12.8600,12.7600,12.8200,62151875,796319541.9700,3
2023-03-27,sz.000001,12.8000,12.8100,12.4600,12.6000,100842214,1266945056.0300,3
2023-03-28,sz.000001,12.6600,12.7300,12.5500,12.6400,67386843,851797868.5600,3
2023-03-29,sz.000001,12.7300,12.7400,12.5000,12.5300,59606433,750687550.5500,3
2023-03-30,sz.000001,12.5500,12.7100,12.4100,12.6800,82454624,1035422932.0100,3
2023-03-31,sz.000001,12.6900,12.7700,12.5100,12.5300,86549166,1092263436.9000,3
2023-04-03,sz.000001,12.5500,12.6900,12.4600,12.6700,74042886,934285179.2400,3
2023-04-04,sz.000001,12.6400,12.7200,12.5900,12.6500,64745722,817726526.9500,3
2023-04-06,sz.000001,12.6000,12.6100,12.5000,12.5800,56332130,706480659.5800,3
2023-04-07,sz.000001,12.5700,12.6900,12.5000,12.6200,60792526,767354796.5200,3
2023-04-10,sz.000001,12.6400,12.7000,12.5800,12.6800,64018181,809943147.6200,3
2023-04-11,sz.000001,12.7000,12.7200,12.5200,12.5400,77777962,978302907.7900,3
2023-04-12,sz.000001,12.5800,12.5900,12.4500,12.4800,90995706,1136997696.1400,3
2023-04-13,sz.000001,12.4100,12.6700,12.3000,12.5600,113159146,1413919037.1300,3
2023-04-14,sz.000001,12.6000,12.9000,12.5800,12.6900,129799484,1653539530.9100,3
2023-04-17,sz.000001,12.6600,12.9400,12.6000,12.9300,130421259,1669357649.1800,3
2023-04-18,sz.000001,12.9300,13.2000,12.8900,13.0000,153893615,2009934874.5900,3
2023-04-19,sz.000001,13.0200,13.0700,12.8300,12.8500,101437815,1309536001.8000,3
2023-04-20,sz.000001,12.9000,12.9000,12.6200,12.7500,81178841,1033330703.7800,3
2023-04-21,sz.000001,12.7000,12.8300,12.4800,12.5000,91866839,1160509766.0300,3
2023-04-24,sz.000001,12.4800,12.5000,12.0300,12.1000,146767192,1798133966.9200,3
2023-04-25,sz.000001,12.1400,12.3700,12.1200,12.2800,130190082,1595320169.7400,3
2023-04-26,sz.000001,12.2500,12.2500,11.9900,12.1200,99126040,1197555724.1600,3
2023-04-27,sz.000001,12.0600,12.3500,12.0000,12.2600,100409337,1222755932.3700,3
2023-04-28,sz.000001,12.2600,12.7800,12.2200,12.5500,144525434,1816868032.9800,3
2023-05-04,sz.000001,12.4000,12.8300,12.1900,12.7300,147826438,1863146144.1600,3
2023-05-05,sz.000001,12.7800,13.1100,12.7500,12.9100,176218865,2283981032.0700,3
2023-05-08,sz.000001,12.9400,13.4900,12.8400,13.3200,263071861,3478891629.3500,3
2023-05-09,sz.000001,13.4000,13.6000,13.1300,13.1600,242253445,3238716470.9700,3
2023-05-10,sz.000001,13.1700,13.2600,12.8000,12.8400,123705339,1600189994.1700,3
2023-05-11,sz.000001,12.9500,13.1200,12.8000,12.8500,90375844,1166479364.8900,3
2023-05-12,sz.000001,12.8200,12.8700,12.6100,12.6200,88560368,1124579090.5400,3
2023-05-15,sz.000001,12.6800,12.8500,12.4500,12.8300,92832563,1173804243.1500,3
2023-05-16,sz.000001,12.8000,12.9200,12.5700,12.6200,99830169,1267712090.0500,3
2023-05-17,sz.000001,12.5800,12.6400,12.4400,12.4900,75462120,945315193.0700,3
2023-05-18,sz.000001,12.5700,12.6400,12.4300,12.4900,68718687,861347534.3200,3
2023-05-19,sz.000001,12.4300,12.4400,12.3200,12.3400,68841368,851165593.5200,3
2023-05-22,sz.000001,12.3100,12.4500,12.3100,12.3800,54932785,679754868.0400,3
2023-05-23,sz.000001,12.3800,12.4100,12.2100,12.2100,69436436,852871175.2300,3
2023-05-24,sz.000001,12.2000,12.2100,12.0100,12.0100,82425088,996600577.6300,3
2023-05-25,sz.000001,11.9900,12.0000,11.8100,11.9300,88274430,1050002541.8800,3
2023-05-26,sz.000001,11.9300,12.1300,11.8400,12.1000,51142864,613772897.1700,3
2023-05-29,sz.000001,12.1100,12.1300,11.9500,11.9800,56607382,680275577.8300,3
2023-05-30,sz.000001,11.9800,11.9900,11.8000,11.8700,76399692,906316373.6100,3
2023-05-31,sz.000001,11.8200,11.8400,11.5800,11.6000,117958671,1376758356.6800,3
2023-06-01,sz.000001,11.6000,11.6800,11.5000,11.5900,74302293,861646489.1900,3
2023-06-02,sz.000001,11.6800,11.9700,11.6400,11.9300,122184253,1446502669.2500,3
2023-06-05,sz.000001,11.8800,12.0000,11.8200,11.9100,52184619,620531416.4200,3
2023-06-06,sz.000001,11.9100,12.0900,11.8200,11.8400,83327347,997039311.5200,3
2023-06-07,sz.000001,11.8900,12.0700,11.8800,11.9400,64369784,770386878.4700,3
2023-06-08,sz.000001,11.9600,12.2000,11.8600,12.1200,86939712,1048266235.8900,3
2023-06-09,sz.000001,12.0600,12.0900,11.8500,11.8800,131528476,1566929273.9700,3
2023-06-12,sz.000001,11.8200,11.9000,11.7600,11.7900,75874703,896015708.7600,3
2023-06-13,sz.000001,11.7600,11.8400,11.6900,11.7700,84998805,1000183566.9200,3
2023-06-14,sz.000001,11.5500,11.7300,11.4600,11.4700,106920004,1237376775.6400,3
2023-06-15,sz.000001,11.4900,11.6300,11.3900,11.6100,92530056,1064567231.2200,3
2023-06-16,sz.000001,11.6100,11.6700,11.5700,11.6300,84203365,978869317.2900,3
2023-06-19,sz.000001,11.6300,11.6300,11.4100,11.4500,95399707,1096351096.7100,3
2023-06-20,sz.000001,11.4400,11.4600,11.3500,11.3600,54455079,620374307.6900,3
2023-06-21,sz.000001,11.3600,11.4800,11.3400,11.3500,61658296,703681563.9700,3
2023-06-26,sz.000001,11.3000,11.3000,11.1500,11.1800,67657743,757975991.5100,3
2023-06-27,sz.000001,11.2000,11.3200,11.1700,11.2800,46170178,519520687.3300,3
2023-06-28,sz.000001,11.2800,11.3300,11.2200,11.3000,36539644,412039353.9300,3
2023-06-29,sz.000001,11.2900,11.2900,11.1700,11.1800,48590630,544534825.5100,3
2023-06-30,sz.000001,11.1800,11.3100,11.1500,11.2300,51905258,583494654.7900,3
2023-07-03,sz.000001,11.2400,11.5300,11.2300,11.4900,88509071,1009887428.6500,3
2023-07-04,sz.000001,11.4600,11.4900,11.3200,11.4000,61630056,701885269.7800,3
2023-07-05,sz.000001,11.3600,11.4000,11.3000,11.3400,42348240,479726282.4700,3
2023-07-06,sz.000001,11.3000,11.3400,11.2100,11.2400,59709591,672396816.4000,3
2023-07-07,sz.000001,11.2000,11.2700,11.1800,11.2000,48444083,543212455.8700,3
2023-07-10,sz.000001,11.2500,11.2800,11.1700,11.2000,49588228,556581581.6500,3
2023-07-11,sz.000001,11.2200,11.2600,11.1900,11.2100,57080909,640131787.1000,3
2023-07-12,sz.000001,11.2300,11.3600,11.2200,11.2400,73608367,830230820.8800,3
2023-07-13,sz.000001,11.3200,11.4700,11.2700,11.4300,112422973,1281848378.9100,3
2023-07-14,sz.000001,11.4300,11.5500,11.4000,11.4600,71914699,825295738.2400,3
2023-07-17,sz.000001,11.4100,11.4100,11.2600,11.3100,60834258,687262893.8600,3
2023-07-18,sz.000001,11.2900,11.3200,11.2200,11.2500,47196618,531299772.6800,3
2023-07-19,sz.000001,11.2300,11.3200,11.2300,11.3100,38219596,430771279.0300,3
2023-07-20,sz.000001,11.3300,11.4400,11.2900,11.3200,55406957,629696111.2900,3
2023-07-21,sz.000001,11.3100,11.3900,11.2800,11.3400,37710256,427375950.4900,3
2023-07-24,sz.000001,11.3300,11.3300,11.2400,11.2600,42685218,480713395.7000,3
2023-07-25,sz.000001,11.4500,11.7300,11.4400,11.7200,203295819,2358815159.6300,3
2023-07-26,sz.000001,11.6500,11.7400,11.5600,11.6700,75166268,875260135.1400,3
2023-07-27,sz.000001,11.6800,11.8700,11.6500,11.7500,111519586,1314228293.8400,3
2023-07-28,sz.000001,11.6900,12.3000,11.6700,12.2600,234701346,2839828236.6200,3
2023-07-31,sz.000001,12.3000,12.5000,12.2300,12.3200,185495239,2288940410.5800,3
2023-08-01,sz.000001,12.2600,12.3700,12.1300,12.1600,95773478,1169570704.8300,3
2023-08-02,sz.000001,12.0600,12.2400,11.9300,12.0300,111590004,1343864165.3600,3
2023-08-03,sz.000001,11.9900,12.3700,11.9500,12.3300,117584771,1433255493.1100,3
2023-08-04,sz.000001,12.4200,12.5300,12.2100,12.3000,130313102,1611435431.3600,3
2023-08-07,sz.000001,12.2100,12.2500,12.1200,12.1600,64691326,786506452.1600,3
2023-08-08,sz.000001,12.1200,12.2100,12.0000,12.1000,72570456,877489187.9700,3
2023-08-09,sz.000001,12.0600,12.2000,12.0500,12.1700,57760774,702060796.6400,3
2023-08-10,sz.000001,12.1500,12.2100,12.0600,12.1600,47559453,577123919.6800,3
2023-08-11,sz.000001,12.1700,12.2700,11.8900,11.8900,94353857,1132867239.3100,3
2023-08-14,sz.000001,11.7600,11.7800,11.5900,11.6700,97592018,1139185249.4600,3
2023-08-15,sz.000001,11.6900,11.8000,11.6000,11.7300,71281277,834163039.6000,3
2023-08-16,sz.000001,11.6700,11.8500,11.6100,11.7300,57290437,671706045.3600,3
2023-08-17,sz.000001,11.6700,11.7000,11.4600,11.5700,96505775,1116292661.6700,3
2023-08-18,sz.000001,11.5800,11.7400,11.5300,11.5600,65981885,767047286.8900,3
2023-08-21,sz.000001,11.5600,11.5800,11.3200,11.3200,70149785,799641423.7600,3
2023-08-22,sz.000001,11.3800,11.4500,11.3100,11.3700,60680809,689991238.0600,3
2023-08-23,sz.000001,11.3500,11.4200,11.2400,11.2500,69180998,783102827.2300,3
2023-08-24,sz.000001,11.2900,11.3200,11.0500,11.1300,129127070,1439197083.6900,3
2023-08-25,sz.000001,11.1000,11.3300,11.0800,11.2300,84534992,946760250.6000,3
2023-08-28,sz.000001,11.8400,11.9300,11.4900,11.5200,199760987,2336205800.5600,3
2023-08-29,sz.000001,11.4700,11.4900,11.1300,11.3100,196496143,2217588610.1200,3
2023-08-30,sz.000001,11.2700,11.2700,11.1300,11.1300,137563829,1537573550.5700,3
2023-08-31,sz.000001,11.1400,11.2200,11.1200,11.1300,80647403,900123574.8300,3
2023-09-01,sz.000001,11.1900,11.3600,11.1900,11.3200,113870483,1285169019.1900,3
2023-09-04,sz.000001,11.3500,11.5900,11.3300,11.5600,141002923,1621769196.4000,3
2023-09-05,sz.000001,11.5000,11.5100,11.3600,11.3900,80417716,917888858.5700,3
2023-09-06,sz.000001,11.3300,11.4600,11.3000,11.4300,63484051,721905681.9800,3
2023-09-07,sz.000001,11.4000,11.4400,11.3200,11.3300,54004157,613812175.9100,3
2023-09-08,sz.000001,11.2800,11.3200,11.2300,11.2700,47902967,539624962.8200,3
2023-09-11,sz.000001,11.3000,11.4000,11.2700,11.3400,65448558,741764911.2200,3
2023-09-12,sz.000001,11.3500,11.3500,11.2500,11.2800,49548506,559058535.5200,3
2023-09-13,sz.000001,11.2900,11.3200,11.2100,11.2500,49021797,551747627.6800,3
2023-09-14,sz.000001,11.2800,11.3300,11.2500,11.2900,55165017,622906052.6200,3
2023-09-15,sz.000001,11.3500,11.4000,11.2000,11.2200,89047613,1005529160.7700,3
2023-09-18,sz.000001,11.2200,11.2400,11.1400,11.2300,50132501,561449769.6300,3
2023-09-19,sz.000001,11.2200,11.2300,11.1600,11.2100,50366432,564044044.2100,3
2023-09-20,sz.000001,11.2000,11.2200,11.1500,11.1500,55887241,624785494.9400,3
2023-09-21,sz.000001,11.1400,11.1400,11.0400,11.0500,84393011,934673193.8700,3
2023-09-22,sz.000001,11.0300,11.2500,11.0300,11.2400,91148430,1017137921.8200,3
2023-09-25,sz.000001,11.2400,11.3200,11.1900,11.2200,76121125,856022502.1100,3
2023-09-26,sz.000001,11.2200,11.2600,11.1400,11.1600,44498035,497885810.8400,3
2023-09-27,sz.000001,11.1500,11.2200,11.1500,11.1700,49031061,547905820.7700,3
2023-09-28,sz.000001,11.1900,11.2400,11.1800,11.2000,52069678,583649730.0400,3
2023-10-09,sz.000001,11.1600,11.1700,11.0600,11.1100,69582809,772959353.1500,3
2023-10-10,sz.000001,11.1900,11.2000,11.0200,11.0200,82074851,910160341.9000,3
2023-10-11,sz.000001,11.0900,11.0900,10.9600,10.9800,72411569,797663827.0000,3
2023-10-12,sz.000001,11.1100,11.1600,11.0400,11.1100,85305750,947562324.7500,3
2023-10-13,sz.000001,11.0300,11.0700,10.9500,11.0000,68448308,753110725.5100,3
2023-10-16,sz.000001,11.0000,11.0300,10.9500,11.0100,50162432,550988719.6300,3
2023-10-17,sz.000001,11.0100,11.0500,10.9600,11.0200,49352505,543170900.7300,3
2023-10-18,sz.000001,10.9900,11.0200,10.9100,10.9500,65182492,713979896.1100,3
2023-10-19,sz.000001,10.9100,10.9200,10.5900,10.6000,118896083,1271914676.5300,3
2023-10-20,sz.000001,10.5500,10.6700,10.5100,10.6000,52613912,557618632.3700,3
2023-10-23,sz.000001,10.5900,10.6000,10.4300,10.5000,53040448,557032228.6500,3
2023-10-24,sz.000001,10.5400,10.6100,10.4400,10.5500,76065269,801528403.6700,3
2023-10-25,sz.000001,10.5100,10.5400,10.3600,10.3800,141144968,1470971923.5900,3
2023-10-26,sz.000001,10.3100,10.4200,10.3000,10.4100,59999147,621915276.9000,3
2023-10-27,sz.000001,10.3800,10.4800,10.3300,10.4500,91977136,957587534.4300,3
2023-10-30,sz.000001,10.4000,10.4700,10.3500,10.4500,80568955,837646002.0400,3
2023-10-31,sz.000001,10.4300,10.4900,10.4100,10.4600,65285523,682212137.6400,3
2023-11-01,sz.000001,10.5500,10.5600,10.4500,10.4800,56730035,595211885.0000,3
2023-11-02,sz.000001,10.5000,10.6000,10.4700,10.4800,61942995,652316669.9300,3
2023-11-03,sz.000001,10.4900,10.5200,10.4300,10.4800,70546347,738879704.3000,3
2023-11-06,sz.000001,10.5100,10.6900,10.5100,10.6900,100706221,1069206837.6800,3
2023-11-07,sz.000001,10.6600,10.6600,10.5800,10.6000,64086612,679815569.1900,3
2023-11-08,sz.000001,10.5800,10.6000,10.4500,10.5000,87781875,923622008.1100,3
2023-11-09,sz.000001,10.4600,10.5200,10.4300,10.4900,63913648,669639052.4400,3
2023-11-10,sz.000001,10.4500,10.4700,10.2900,10.3000,104504417,1080649733.9800,3
2023-11-13,sz.000001,10.3100,10.3300,10.2200,10.2500,77004310,789007117.8300,3
2023-11-14,sz.000001,10.2400,10.3300,10.2300,10.2700,59685888,613377697.9700,3
2023-11-15,sz.000001,10.3700,10.4500,10.3400,10.3700,110914015,1152154780.3400,3
2023-11-16,sz.000001,10.3800,10.3900,10.2300,10.2400,92262194,948395097.3300,3
2023-11-17,sz.000001,10.2200,10.2500,10.1200,10.1500,90336217,917616681.2800,3
2023-11-20,sz.000001,10.1500,10.2200,10.1000,10.1900,63952831,650077370.0100,3
2023-11-21,sz.000001,10.2300,10.3500,10.2200,10.2800,104116573,1072311504.2800,3
2023-11-22,sz.000001,10.2600,10.3100,10.1400,10.1600,73748951,753064757.9400,3
2023-11-23,sz.000001,10.1500,10.1600,10.0700,10.1500,84665587,855904311.9800,3
2023-11-24,sz.000001,10.1100,10.1300,10.0800,10.1000,68469456,691423444.3400,3
2023-11-27,sz.000001,10.0900,10.0900,9.9700,10.0100,83618785,836268368.7500,3
2023-11-28,sz.000001,9.9900,10.0200,9.9500,9.9500,78617469,784405804.6500,3
2023-11-29,sz.000001,9.9500,9.9700,9.7000,9.7200,146759662,1438320264.1100,3
2023-11-30,sz.000001,9.6900,9.7300,9.6200,9.6800,90176457,871481712.4300,3
2023-12-01,sz.000001,9.6500,9.6800,9.5800,9.6600,77805699,749668363.8500,3
2023-12-04,sz.000001,9.6700,9.6800,9.6100,9.6300,60543785,583664338.4100,3
2023-12-05,sz.000001,9.6100,9.6200,9.4700,9.4800,78737848,750961219.9100,3
2023-12-06,sz.000001,9.4400,9.5700,9.4000,9.5000,75305592,714029468.7000,3
2023-12-07,sz.000001,9.4900,9.4900,9.3800,9.4400,58538019,552224831.1700,3
2023-12-08,sz.000001,9.4100,9.4500,9.3000,9.3000,102115150,957664580.5900,3
2023-12-11,sz.000001,9.2200,9.3800,9.1300,9.3500,113366281,1044765734.9000,3
2023-12-12,sz.000001,9.3100,9.5000,9.3000,9.4200,85501642,805067628.4600,3
2023-12-13,sz.000001,9.3800,9.3900,9.1500,9.1600,106130165,981001231.4800,3
2023-12-14,sz.000001,9.2100,9.2800,9.1500,9.1500,74290056,683211465.8000,3
2023-12-15,sz.000001,9.2000,9.3500,9.1900,9.2100,98893942,915126127.1700,3
2023-12-18,sz.000001,9.1800,9.2400,9.0900,9.1300,65442562,599379044.0200,3
2023-12-19,sz.000001,9.1200,9.1700,9.0700,9.1000,64407088,586716664.2800,3
2023-12-20,sz.000001,9.1100,9.1500,9.0300,9.0300,71563363,650511342.8700,3
2023-12-21,sz.000001,9.0100,9.1900,8.9900,9.1700,101704676,925407072.9100,3
2023-12-22,sz.000001,9.1900,9.2800,9.1100,9.2000,100564502,924998769.1900,3
2023-12-25,sz.000001,9.1800,9.2000,9.1400,9.1900,41397088,379638233.7300,3
2023-12-26,sz.000001,9.1900,9.2000,9.0700,9.1000,54189633,493746622.7600,3
2023-12-27,sz.000001,9.1000,9.1300,9.0200,9.1200,64153435,582036660.6800,3
2023-12-28,sz.000001,9.1100,9.4700,9.0800,9.4500,166159184,1550256590.5900,3
2023-12-29,sz.000001,9.4200,9.4800,9.3500,9.3900,85385279,803196743.8200,3
