股票代码,交易日期,开盘价,最高价,最低价,收盘价,前收盘价,涨跌额,涨跌幅(%),成交量(手),成交额(千元)
601857.SH,2020-01-02,5.86,5.88,5.84,5.87,5.83,0.04,0.6861,728085.0,427014.028
601857.SH,2020-01-03,5.87,5.99,5.86,5.95,5.87,0.08,1.3629,1198567.82,712671.271
601857.SH,2020-01-06,6.03,6.28,6.02,6.23,5.95,0.28,4.7059,3016461.24,1859195.864
601857.SH,2020-01-07,6.17,6.17,6.07,6.11,6.23,-0.12,-1.9262,1526817.55,931508.895
601857.SH,2020-01-08,6.26,6.3,6.15,6.23,6.11,0.12,1.964,2154513.33,1337592.338
601857.SH,2020-01-09,6.04,6.08,6.0,6.06,6.23,-0.17,-2.7287,1599836.83,966146.262
601857.SH,2020-01-10,6.04,6.04,5.96,5.99,6.06,-0.07,-1.1551,921306.21,551691.385
601857.SH,2020-01-13,5.99,5.99,5.93,5.97,5.99,-0.02,-0.3339,551183.92,327829.65
601857.SH,2020-01-14,5.95,5.98,5.94,5.95,5.97,-0.02,-0.335,444804.19,265271.834
601857.SH,2020-01-15,5.95,5.97,5.86,5.87,5.95,-0.08,-1.3445,720145.46,424495.017
601857.SH,2020-01-16,5.88,5.89,5.81,5.83,5.87,-0.04,-0.6814,578609.92,337630.232
601857.SH,2020-01-17,5.84,5.87,5.83,5.84,5.83,0.01,0.1715,366676.41,214376.983
601857.SH,2020-01-20,5.85,5.86,5.81,5.85,5.84,0.01,0.1712,534083.89,311510.573
601857.SH,2020-01-21,5.85,5.85,5.78,5.79,5.85,-0.06,-1.0256,560285.46,324824.586
601857.SH,2020-01-22,5.76,5.77,5.71,5.74,5.79,-0.05,-0.8636,662397.38,379676.573
601857.SH,2020-01-23,5.7,5.72,5.62,5.64,5.74,-0.1,-1.7422,814444.47,460859.1
601857.SH,2020-02-03,5.14,5.29,5.08,5.13,5.64,-0.51,-9.0426,2270937.29,1167352.624
601857.SH,2020-02-04,5.07,5.19,5.06,5.17,5.13,0.04,0.7797,1064594.2,547645.93
601857.SH,2020-02-05,5.17,5.27,5.13,5.21,5.17,0.04,0.7737,1023186.74,532964.335
601857.SH,2020-02-06,5.25,5.29,5.21,5.27,5.21,0.06,1.1516,866473.63,455310.305
601857.SH,2020-02-07,5.24,5.28,5.21,5.28,5.27,0.01,0.1898,611282.63,319828.128
601857.SH,2020-02-10,5.24,5.29,5.22,5.28,5.28,0.0,0.0,561309.19,295251.828
601857.SH,2020-02-11,5.27,5.34,5.26,5.3,5.28,0.02,0.3788,711717.22,377281.439
601857.SH,2020-02-12,5.29,5.32,5.28,5.31,5.3,0.01,0.1887,545000.38,288657.741
601857.SH,2020-02-13,5.33,5.35,5.28,5.28,5.31,-0.03,-0.565,535685.87,284224.188
601857.SH,2020-02-14,5.26,5.3,5.25,5.28,5.28,0.0,0.0,479170.2,252872.541
601857.SH,2020-02-17,5.29,5.38,5.27,5.38,5.28,0.1,1.8939,843920.95,450155.266
601857.SH,2020-02-18,5.38,5.38,5.33,5.35,5.38,-0.03,-0.5576,742019.15,396980.717
601857.SH,2020-02-19,5.35,5.36,5.32,5.33,5.35,-0.02,-0.3738,741890.83,395688.944
601857.SH,2020-02-20,5.35,5.38,5.32,5.38,5.33,0.05,0.9381,1056371.6,564952.42
601857.SH,2020-02-21,5.35,5.38,5.34,5.37,5.38,-0.01,-0.1859,1138162.98,609926.963
601857.SH,2020-02-24,5.34,5.34,5.27,5.28,5.37,-0.09,-1.676,1381561.64,731039.952
601857.SH,2020-02-25,5.2,5.22,5.15,5.19,5.28,-0.09,-1.7045,1504128.76,779444.089
601857.SH,2020-02-26,5.15,5.24,5.12,5.22,5.19,0.03,0.578,1602200.97,833178.213
601857.SH,2020-02-27,5.2,5.21,5.16,5.17,5.22,-0.05,-0.9579,1362522.57,705610.73
601857.SH,2020-02-28,5.11,5.14,5.06,5.07,5.17,-0.1,-1.9342,2091494.89,1064602.676
601857.SH,2020-03-02,5.11,5.18,5.1,5.17,5.07,0.1,1.9724,1391146.86,716386.394
601857.SH,2020-03-03,5.23,5.24,5.17,5.19,5.17,0.02,0.3868,1250355.59,650013.359
601857.SH,2020-03-04,5.18,5.19,5.15,5.18,5.19,-0.01,-0.1927,897003.52,463382.133
601857.SH,2020-03-05,5.2,5.25,5.18,5.25,5.18,0.07,1.3514,1539805.18,803908.182
601857.SH,2020-03-06,5.2,5.22,5.17,5.2,5.25,-0.05,-0.9524,1096335.92,569531.778
601857.SH,2020-03-09,5.06,5.24,5.02,5.15,5.2,-0.05,-0.9615,2266218.65,1158158.211
601857.SH,2020-03-10,5.1,5.16,5.06,5.15,5.15,0.0,0.0,1353587.32,691745.637
601857.SH,2020-03-11,5.15,5.17,5.11,5.12,5.15,-0.03,-0.5825,858880.83,441412.574
601857.SH,2020-03-12,5.08,5.11,5.06,5.07,5.12,-0.05,-0.9766,943174.42,478813.02
601857.SH,2020-03-13,5.0,5.08,4.92,5.04,5.07,-0.03,-0.5917,1347494.75,672317.405
601857.SH,2020-03-16,5.05,5.13,5.02,5.03,5.04,-0.01,-0.1984,1179616.12,598050.173
601857.SH,2020-03-17,5.01,5.06,4.95,5.01,5.03,-0.02,-0.3976,954820.98,476788.845
601857.SH,2020-03-18,5.01,5.03,4.95,4.95,5.01,-0.06,-1.1976,868399.57,433599.986
601857.SH,2020-03-19,4.94,4.96,4.85,4.88,4.95,-0.07,-1.4141,1306842.22,640038.705
601857.SH,2020-03-20,4.92,4.94,4.87,4.91,4.88,0.03,0.6148,1032043.71,505579.453
601857.SH,2020-03-23,4.84,4.85,4.8,4.81,4.91,-0.1,-2.0367,1067055.82,514036.501
601857.SH,2020-03-24,4.84,4.87,4.8,4.84,4.81,0.03,0.6237,1051559.49,508054.052
601857.SH,2020-03-25,4.87,4.89,4.84,4.86,4.84,0.02,0.4132,1516502.1,736600.655
601857.SH,2020-03-26,4.85,4.85,4.78,4.79,4.86,-0.07,-1.4403,1558926.79,749711.077
601857.SH,2020-03-27,4.8,4.81,4.73,4.74,4.79,-0.05,-1.0438,2090534.31,994193.94
601857.SH,2020-03-30,4.69,4.69,4.61,4.62,4.74,-0.12,-2.5316,1460209.18,676286.264
601857.SH,2020-03-31,4.64,4.65,4.6,4.62,4.62,0.0,0.0,1835549.57,847471.212
601857.SH,2020-04-01,4.61,4.62,4.54,4.55,4.62,-0.07,-1.5152,1864129.68,852263.979
601857.SH,2020-04-02,4.52,4.74,4.49,4.71,4.55,0.16,3.5165,4125374.66,1904937.548
601857.SH,2020-04-03,4.73,4.73,4.61,4.63,4.71,-0.08,-1.6985,2798560.07,1305158.248
601857.SH,2020-04-07,4.68,4.7,4.65,4.67,4.63,0.04,0.8639,2498249.45,1166377.663
601857.SH,2020-04-08,4.64,4.66,4.61,4.64,4.67,-0.03,-0.6424,1938386.32,898071.054
601857.SH,2020-04-09,4.67,4.68,4.63,4.65,4.64,0.01,0.2155,1322371.18,614778.722
601857.SH,2020-04-10,4.65,4.65,4.58,4.6,4.65,-0.05,-1.0753,1647530.45,759242.618
601857.SH,2020-04-13,4.62,4.64,4.58,4.58,4.6,-0.02,-0.4348,1136476.32,523325.758
601857.SH,2020-04-14,4.59,4.6,4.56,4.59,4.58,0.01,0.2183,1283557.95,587443.923
601857.SH,2020-04-15,4.57,4.57,4.55,4.55,4.59,-0.04,-0.8715,1122971.62,512079.194
601857.SH,2020-04-16,4.53,4.54,4.51,4.53,4.55,-0.02,-0.4396,1166517.94,528045.717
601857.SH,2020-04-17,4.54,4.58,4.54,4.55,4.53,0.02,0.4415,1242971.05,566497.469
601857.SH,2020-04-20,4.53,4.57,4.51,4.55,4.55,0.0,0.0,1024978.02,465492.414
601857.SH,2020-04-21,4.52,4.53,4.5,4.51,4.55,-0.04,-0.8791,1099609.57,496455.835
601857.SH,2020-04-22,4.47,4.47,4.43,4.46,4.51,-0.05,-1.1086,1369971.91,609949.468
601857.SH,2020-04-23,4.48,4.59,4.47,4.55,4.46,0.09,2.0179,1850325.53,840846.86
601857.SH,2020-04-24,4.55,4.56,4.48,4.48,4.55,-0.07,-1.5385,1067111.01,481471.383
601857.SH,2020-04-27,4.47,4.5,4.45,4.45,4.48,-0.03,-0.6696,757063.14,338545.181
601857.SH,2020-04-28,4.44,4.45,4.33,4.36,4.45,-0.09,-2.0225,1285945.75,563227.949
601857.SH,2020-04-29,4.37,4.41,4.37,4.38,4.36,0.02,0.4587,604151.82,265211.726
601857.SH,2020-04-30,4.38,4.46,4.37,4.44,4.38,0.06,1.3699,859732.95,380815.016
601857.SH,2020-05-06,4.44,4.49,4.42,4.47,4.44,0.03,0.6757,881770.97,393435.663
601857.SH,2020-05-07,4.47,4.48,4.44,4.45,4.47,-0.02,-0.4474,610561.05,272009.347
601857.SH,2020-05-08,4.47,4.48,4.46,4.47,4.45,0.02,0.4494,558704.08,249644.424
601857.SH,2020-05-11,4.48,4.49,4.46,4.47,4.47,0.0,0.0,557306.77,249246.081
601857.SH,2020-05-12,4.47,4.47,4.42,4.43,4.47,-0.04,-0.8949,522028.91,231767.535
601857.SH,2020-05-13,4.43,4.43,4.4,4.43,4.43,0.0,0.0,441117.21,194804.14
601857.SH,2020-05-14,4.42,4.42,4.4,4.4,4.43,-0.03,-0.6772,439272.51,193437.307
601857.SH,2020-05-15,4.42,4.43,4.41,4.42,4.4,0.02,0.4545,410880.1,181603.761
601857.SH,2020-05-18,4.45,4.46,4.43,4.44,4.42,0.02,0.4525,619746.04,275266.869
601857.SH,2020-05-19,4.48,4.51,4.46,4.46,4.44,0.02,0.4505,893223.64,400332.924
601857.SH,2020-05-20,4.46,4.46,4.42,4.43,4.46,-0.03,-0.6726,599757.0,266014.278
601857.SH,2020-05-21,4.45,4.47,4.42,4.45,4.43,0.02,0.4515,767497.69,340611.459
601857.SH,2020-05-22,4.44,4.44,4.36,4.37,4.45,-0.08,-1.7978,939918.08,412772.209
601857.SH,2020-05-25,4.37,4.37,4.33,4.34,4.37,-0.03,-0.6865,615143.53,267082.669
601857.SH,2020-05-26,4.34,4.36,4.33,4.35,4.34,0.01,0.2304,642059.18,278758.637
601857.SH,2020-05-27,4.35,4.35,4.3,4.31,4.35,-0.04,-0.9195,693918.11,299635.24
601857.SH,2020-05-28,4.3,4.33,4.28,4.29,4.31,-0.02,-0.464,889808.63,382362.636
601857.SH,2020-05-29,4.28,4.29,4.22,4.25,4.29,-0.04,-0.9324,1398152.62,594239.007
601857.SH,2020-06-01,4.26,4.3,4.25,4.29,4.25,0.04,0.9412,938768.16,401813.611
601857.SH,2020-06-02,4.29,4.31,4.28,4.31,4.29,0.02,0.4662,674773.46,290071.22
601857.SH,2020-06-03,4.33,4.37,4.32,4.34,4.31,0.03,0.6961,759728.62,330470.821
601857.SH,2020-06-04,4.34,4.35,4.3,4.32,4.34,-0.02,-0.4608,573642.17,247462.376
601857.SH,2020-06-05,4.31,4.32,4.28,4.3,4.32,-0.02,-0.463,516731.83,221838.519
601857.SH,2020-06-08,4.35,4.36,4.33,4.34,4.3,0.04,0.9302,808714.74,351105.168
601857.SH,2020-06-09,4.35,4.35,4.33,4.35,4.34,0.01,0.2304,596928.6,259045.256
601857.SH,2020-06-10,4.34,4.35,4.31,4.32,4.35,-0.03,-0.6897,507834.02,219627.592
601857.SH,2020-06-11,4.31,4.32,4.27,4.28,4.32,-0.04,-0.9259,624773.33,268287.299
601857.SH,2020-06-12,4.23,4.27,4.22,4.26,4.28,-0.02,-0.4673,815797.21,346374.121
601857.SH,2020-06-15,4.24,4.25,4.22,4.23,4.26,-0.03,-0.7042,555189.83,235140.576
601857.SH,2020-06-16,4.25,4.28,4.23,4.27,4.23,0.04,0.9456,620214.04,263491.702
601857.SH,2020-06-17,4.25,4.26,4.23,4.25,4.27,-0.02,-0.4684,520095.6,220893.54
601857.SH,2020-06-18,4.24,4.32,4.23,4.29,4.25,0.04,0.9412,798327.36,341813.04
601857.SH,2020-06-19,4.27,4.31,4.25,4.3,4.29,0.01,0.2331,790357.47,338442.686
601857.SH,2020-06-22,4.3,4.31,4.27,4.27,4.3,-0.03,-0.6977,607747.65,260633.82
601857.SH,2020-06-23,4.28,4.28,4.25,4.26,4.27,-0.01,-0.2342,531159.05,226543.582
601857.SH,2020-06-24,4.26,4.27,4.25,4.26,4.26,0.0,0.0,527235.94,224645.378
601857.SH,2020-06-29,4.26,4.27,4.23,4.24,4.26,-0.02,-0.4695,548616.04,232907.011
601857.SH,2020-06-30,4.2,4.2,4.18,4.19,4.17,0.02,0.4796,479471.88,200938.795
601857.SH,2020-07-01,4.19,4.26,4.18,4.25,4.19,0.06,1.432,861659.89,363009.046
601857.SH,2020-07-02,4.24,4.33,4.23,4.32,4.25,0.07,1.6471,1538576.47,659477.227
601857.SH,2020-07-03,4.33,4.45,4.32,4.42,4.32,0.1,2.3148,2226164.61,977995.754
601857.SH,2020-07-06,4.44,4.74,4.44,4.72,4.42,0.3,6.7873,4432751.9,2033077.36
601857.SH,2020-07-07,4.77,4.88,4.66,4.7,4.72,-0.02,-0.4237,3978933.45,1886736.423
601857.SH,2020-07-08,4.67,4.69,4.58,4.67,4.7,-0.03,-0.6383,2705326.24,1255098.821
601857.SH,2020-07-09,4.68,4.77,4.63,4.74,4.67,0.07,1.4989,2611688.74,1224970.983
601857.SH,2020-07-10,4.7,4.7,4.59,4.6,4.74,-0.14,-2.9536,2024486.1,939764.875
601857.SH,2020-07-13,4.59,4.66,4.57,4.63,4.6,0.03,0.6522,1735517.32,801412.954
601857.SH,2020-07-14,4.62,4.62,4.52,4.56,4.63,-0.07,-1.5119,1767579.15,808282.988
601857.SH,2020-07-15,4.58,4.6,4.48,4.49,4.56,-0.07,-1.5351,1505456.94,681615.895
601857.SH,2020-07-16,4.5,4.52,4.4,4.41,4.49,-0.08,-1.7817,1747478.49,778710.532
601857.SH,2020-07-17,4.4,4.43,4.36,4.39,4.41,-0.02,-0.4535,1148246.84,504085.395
601857.SH,2020-07-20,4.4,4.5,4.38,4.49,4.39,0.1,2.2779,1300341.1,578626.512
601857.SH,2020-07-21,4.5,4.52,4.45,4.47,4.49,-0.02,-0.4454,848619.65,379497.815
601857.SH,2020-07-22,4.5,4.65,4.5,4.61,4.47,0.14,3.132,2831441.51,1303041.6
601857.SH,2020-07-23,4.58,4.6,4.48,4.54,4.61,-0.07,-1.5184,1773019.77,803923.545
601857.SH,2020-07-24,4.62,4.66,4.49,4.5,4.54,-0.04,-0.8811,2161258.83,988549.03
601857.SH,2020-07-27,4.51,4.53,4.42,4.46,4.5,-0.04,-0.8889,1042637.59,465300.417
601857.SH,2020-07-28,4.47,4.51,4.46,4.47,4.46,0.01,0.2242,794140.97,356134.553
601857.SH,2020-07-29,4.45,4.51,4.42,4.5,4.47,0.03,0.6711,908111.97,405241.069
601857.SH,2020-07-30,4.5,4.51,4.45,4.46,4.5,-0.04,-0.8889,690253.8,308697.742
601857.SH,2020-07-31,4.44,4.51,4.42,4.45,4.46,-0.01,-0.2242,996101.18,443949.977
601857.SH,2020-08-03,4.45,4.5,4.43,4.48,4.45,0.03,0.6742,1240561.38,553528.907
601857.SH,2020-08-04,4.49,4.55,4.46,4.53,4.48,0.05,1.1161,1386541.29,624202.086
601857.SH,2020-08-05,4.53,4.53,4.46,4.5,4.53,-0.03,-0.6623,1077146.97,484087.012
601857.SH,2020-08-06,4.53,4.55,4.49,4.53,4.5,0.03,0.6667,1415146.26,639520.816
601857.SH,2020-08-07,4.5,4.51,4.44,4.45,4.53,-0.08,-1.766,1159580.49,518026.043
601857.SH,2020-08-10,4.45,4.48,4.43,4.47,4.45,0.02,0.4494,791088.15,352778.31
601857.SH,2020-08-11,4.49,4.5,4.44,4.45,4.47,-0.02,-0.4474,922876.48,413343.304
601857.SH,2020-08-12,4.43,4.47,4.41,4.46,4.45,0.01,0.2247,981939.25,436188.493
601857.SH,2020-08-13,4.46,4.5,4.45,4.47,4.46,0.01,0.2242,728936.96,326345.195
601857.SH,2020-08-14,4.47,4.49,4.44,4.48,4.47,0.01,0.2237,636219.09,283906.242
601857.SH,2020-08-17,4.47,4.55,4.47,4.54,4.48,0.06,1.3393,1582876.5,715400.884
601857.SH,2020-08-18,4.54,4.55,4.51,4.53,4.54,-0.01,-0.2203,933255.18,422979.696
601857.SH,2020-08-19,4.53,4.56,4.5,4.52,4.53,-0.01,-0.2208,978980.16,443528.198
601857.SH,2020-08-20,4.52,4.52,4.45,4.46,4.52,-0.06,-1.3274,1012899.2,453711.212
601857.SH,2020-08-21,4.47,4.48,4.45,4.46,4.46,0.0,0.0,572022.89,255417.721
601857.SH,2020-08-24,4.48,4.48,4.45,4.46,4.46,0.0,0.0,608089.81,271358.773
601857.SH,2020-08-25,4.47,4.47,4.43,4.45,4.46,-0.01,-0.2242,558723.14,248596.403
601857.SH,2020-08-26,4.45,4.46,4.42,4.43,4.45,-0.02,-0.4494,657488.86,291875.819
601857.SH,2020-08-27,4.42,4.44,4.41,4.43,4.43,0.0,0.0,474703.28,210154.094
601857.SH,2020-08-28,4.41,4.45,4.4,4.45,4.43,0.02,0.4515,794147.58,351063.283
601857.SH,2020-08-31,4.44,4.46,4.42,4.43,4.45,-0.02,-0.4494,639572.97,284304.985
601857.SH,2020-09-01,4.42,4.43,4.39,4.41,4.43,-0.02,-0.4515,710328.94,312822.064
601857.SH,2020-09-02,4.4,4.4,4.34,4.35,4.41,-0.06,-1.3605,1079283.08,470682.93
601857.SH,2020-09-03,4.34,4.37,4.31,4.31,4.35,-0.04,-0.9195,846400.42,366929.525
601857.SH,2020-09-04,4.29,4.31,4.27,4.31,4.31,0.0,0.0,721384.13,309760.679
601857.SH,2020-09-07,4.3,4.32,4.28,4.28,4.31,-0.03,-0.6961,628055.0,269923.873
601857.SH,2020-09-08,4.29,4.31,4.28,4.31,4.28,0.03,0.7009,682329.26,293003.48
601857.SH,2020-09-09,4.28,4.3,4.26,4.28,4.31,-0.03,-0.6961,751948.51,322182.118
601857.SH,2020-09-10,4.3,4.3,4.23,4.24,4.28,-0.04,-0.9346,809515.05,345039.497
601857.SH,2020-09-11,4.23,4.26,4.21,4.24,4.24,0.0,0.0,571734.09,241936.072
601857.SH,2020-09-14,4.25,4.27,4.24,4.26,4.24,0.02,0.4717,386795.81,164565.186
601857.SH,2020-09-15,4.26,4.27,4.23,4.24,4.26,-0.02,-0.4695,436195.02,185322.839
601857.SH,2020-09-16,4.25,4.29,4.24,4.25,4.24,0.01,0.2358,700863.86,298688.609
601857.SH,2020-09-17,4.26,4.28,4.22,4.23,4.25,-0.02,-0.4706,821488.61,349003.033
601857.SH,2020-09-18,4.25,4.28,4.23,4.27,4.23,0.04,0.9456,901992.82,383406.758
601857.SH,2020-09-21,4.28,4.28,4.25,4.25,4.27,-0.02,-0.4684,628603.31,268049.862
601857.SH,2020-09-22,4.16,4.18,4.13,4.14,4.16,-0.02,-0.4808,809972.16,336639.397
601857.SH,2020-09-23,4.14,4.15,4.11,4.11,4.14,-0.03,-0.7246,518651.0,213956.11
601857.SH,2020-09-24,4.1,4.11,4.07,4.1,4.11,-0.01,-0.2433,658931.21,269260.931
601857.SH,2020-09-25,4.1,4.11,4.08,4.09,4.1,-0.01,-0.2439,359835.62,147172.405
601857.SH,2020-09-28,4.09,4.13,4.09,4.1,4.09,0.01,0.2445,436868.26,179352.724
601857.SH,2020-09-29,4.11,4.11,4.09,4.09,4.1,-0.01,-0.2439,375787.62,154065.254
601857.SH,2020-09-30,4.09,4.12,4.07,4.11,4.09,0.02,0.489,614084.09,251664.119
601857.SH,2020-10-09,4.12,4.14,4.12,4.13,4.11,0.02,0.4866,541005.76,223498.385
601857.SH,2020-10-12,4.13,4.19,4.12,4.18,4.13,0.05,1.2107,930487.31,386727.197
601857.SH,2020-10-13,4.17,4.17,4.14,4.15,4.18,-0.03,-0.7177,438171.09,181802.773
601857.SH,2020-10-14,4.14,4.15,4.1,4.11,4.15,-0.04,-0.9639,651726.2,268204.517
601857.SH,2020-10-15,4.1,4.12,4.09,4.11,4.11,0.0,0.0,509617.32,209334.928
601857.SH,2020-10-16,4.11,4.13,4.1,4.11,4.11,0.0,0.0,475263.56,195560.639
601857.SH,2020-10-19,4.11,4.15,4.1,4.11,4.11,0.0,0.0,742161.5,305774.817
601857.SH,2020-10-20,4.1,4.1,4.08,4.1,4.11,-0.01,-0.2433,386084.45,157965.483
601857.SH,2020-10-21,4.1,4.11,4.08,4.11,4.1,0.01,0.2439,505753.44,207199.091
601857.SH,2020-10-22,4.1,4.11,4.08,4.1,4.11,-0.01,-0.2433,354132.0,145000.94
601857.SH,2020-10-23,4.1,4.15,4.1,4.12,4.1,0.02,0.4878,810673.92,334514.23
601857.SH,2020-10-26,4.11,4.12,4.09,4.11,4.12,-0.01,-0.2427,578199.36,237118.776
601857.SH,2020-10-27,4.09,4.1,4.08,4.1,4.11,-0.01,-0.2433,477973.93,195633.837
601857.SH,2020-10-28,4.09,4.1,4.07,4.09,4.1,-0.01,-0.2439,521600.05,212998.544
601857.SH,2020-10-29,4.07,4.07,4.04,4.05,4.09,-0.04,-0.978,635732.98,258052.697
601857.SH,2020-10-30,4.08,4.11,4.06,4.07,4.05,0.02,0.4938,954924.46,390580.101
601857.SH,2020-11-02,4.06,4.08,4.04,4.06,4.07,-0.01,-0.2457,648195.36,262825.237
601857.SH,2020-11-03,4.07,4.14,4.06,4.12,4.06,0.06,1.4778,956886.49,392542.719
601857.SH,2020-11-04,4.12,4.13,4.09,4.11,4.12,-0.01,-0.2427,582959.54,239444.17
601857.SH,2020-11-05,4.12,4.14,4.1,4.12,4.11,0.01,0.2433,770213.48,317069.85
601857.SH,2020-11-06,4.12,4.15,4.1,4.13,4.12,0.01,0.2427,1011921.07,418175.107
601857.SH,2020-11-09,4.15,4.19,4.14,4.18,4.13,0.05,1.2107,1270645.99,529775.607
601857.SH,2020-11-10,4.23,4.28,4.19,4.2,4.18,0.02,0.4785,1824029.09,773523.867
601857.SH,2020-11-11,4.2,4.27,4.2,4.27,4.2,0.07,1.6667,1422545.03,604470.749
601857.SH,2020-11-12,4.26,4.27,4.22,4.22,4.27,-0.05,-1.171,764856.91,323769.511
601857.SH,2020-11-13,4.21,4.22,4.16,4.18,4.22,-0.04,-0.9479,782199.09,326508.968
601857.SH,2020-11-16,4.19,4.25,4.17,4.25,4.18,0.07,1.6746,991827.12,419208.29
601857.SH,2020-11-17,4.26,4.32,4.24,4.28,4.25,0.03,0.7059,1218671.96,521329.417
601857.SH,2020-11-18,4.26,4.29,4.24,4.26,4.28,-0.02,-0.4673,915985.5,390391.325
601857.SH,2020-11-19,4.25,4.26,4.22,4.24,4.26,-0.02,-0.4695,724517.36,307084.206
601857.SH,2020-11-20,4.23,4.24,4.2,4.24,4.24,0.0,0.0,756790.42,319478.349
601857.SH,2020-11-23,4.24,4.34,4.23,4.31,4.24,0.07,1.6509,1969083.19,845945.209
601857.SH,2020-11-24,4.31,4.34,4.28,4.33,4.31,0.02,0.464,1222291.69,526655.837
601857.SH,2020-11-25,4.38,4.44,4.31,4.31,4.33,-0.02,-0.4619,2227866.87,976343.587
601857.SH,2020-11-26,4.31,4.34,4.28,4.29,4.31,-0.02,-0.464,1051280.53,452717.113
601857.SH,2020-11-27,4.29,4.31,4.25,4.3,4.29,0.01,0.2331,1251679.49,534496.655
601857.SH,2020-11-30,4.31,4.37,4.27,4.31,4.3,0.01,0.2326,1902985.5,823167.615
601857.SH,2020-12-01,4.28,4.32,4.25,4.3,4.31,-0.01,-0.232,1038980.18,445092.019
601857.SH,2020-12-02,4.29,4.33,4.27,4.3,4.3,0.0,0.0,857866.52,369154.464
601857.SH,2020-12-03,4.31,4.33,4.28,4.3,4.3,0.0,0.0,766024.24,329827.581
601857.SH,2020-12-04,4.3,4.31,4.26,4.29,4.3,-0.01,-0.2326,811278.89,347175.778
601857.SH,2020-12-07,4.29,4.29,4.23,4.24,4.29,-0.05,-1.1655,849105.09,361182.048
601857.SH,2020-12-08,4.24,4.26,4.2,4.21,4.24,-0.03,-0.7075,600077.14,253462.734
601857.SH,2020-12-09,4.21,4.23,4.18,4.18,4.21,-0.03,-0.7126,603966.77,254149.338
601857.SH,2020-12-10,4.18,4.21,4.18,4.19,4.18,0.01,0.2392,628460.49,263505.065
601857.SH,2020-12-11,4.22,4.24,4.19,4.22,4.19,0.03,0.716,906357.18,381705.91
601857.SH,2020-12-14,4.2,4.24,4.17,4.19,4.22,-0.03,-0.7109,645641.8,270657.746
601857.SH,2020-12-15,4.18,4.19,4.13,4.15,4.19,-0.04,-0.9547,680783.48,282327.032
601857.SH,2020-12-16,4.15,4.17,4.14,4.15,4.15,0.0,0.0,430620.7,178973.964
601857.SH,2020-12-17,4.16,4.22,4.14,4.22,4.15,0.07,1.6867,778133.08,325455.764
601857.SH,2020-12-18,4.21,4.28,4.2,4.26,4.22,0.04,0.9479,985449.28,419055.57
601857.SH,2020-12-21,4.26,4.28,4.24,4.25,4.26,-0.01,-0.2347,732508.59,311918.919
601857.SH,2020-12-22,4.23,4.24,4.13,4.14,4.25,-0.11,-2.5882,1009001.43,421929.493
601857.SH,2020-12-23,4.14,4.16,4.13,4.14,4.14,0.0,0.0,657829.85,272628.921
601857.SH,2020-12-24,4.16,4.17,4.13,4.16,4.14,0.02,0.4831,541348.86,224619.315
601857.SH,2020-12-25,4.15,4.18,4.14,4.17,4.16,0.01,0.2404,421830.7,175443.183
601857.SH,2020-12-28,4.17,4.18,4.12,4.14,4.17,-0.03,-0.7194,759571.96,315104.362
601857.SH,2020-12-29,4.14,4.16,4.1,4.13,4.14,-0.01,-0.2415,759610.09,313543.583
601857.SH,2020-12-30,4.12,4.14,4.11,4.13,4.13,0.0,0.0,500125.66,206322.494
601857.SH,2020-12-31,4.13,4.16,4.12,4.15,4.13,0.02,0.4843,612640.87,254098.06
601857.SH,2021-01-04,4.15,4.2,4.14,4.19,4.15,0.04,0.9639,969071.13,403962.846
601857.SH,2021-01-05,4.17,4.18,4.13,4.18,4.19,-0.01,-0.2387,818516.11,340130.522
601857.SH,2021-01-06,4.2,4.26,4.2,4.25,4.18,0.07,1.6746,1386651.56,587466.028
601857.SH,2021-01-07,4.25,4.25,4.19,4.25,4.25,0.0,0.0,1130851.33,478465.595
601857.SH,2021-01-08,4.25,4.3,4.24,4.29,4.25,0.04,0.9412,1524212.9,653176.211
601857.SH,2021-01-11,4.29,4.3,4.21,4.22,4.29,-0.07,-1.6317,1196414.1,508870.834
601857.SH,2021-01-12,4.21,4.31,4.2,4.31,4.22,0.09,2.1327,1438887.97,613851.83
601857.SH,2021-01-13,4.31,4.4,4.29,4.36,4.31,0.05,1.1601,1852909.46,805044.706
601857.SH,2021-01-14,4.33,4.39,4.31,4.33,4.36,-0.03,-0.6881,1285606.07,558369.784
601857.SH,2021-01-15,4.35,4.37,4.27,4.28,4.33,-0.05,-1.1547,1467945.03,632946.484
601857.SH,2021-01-18,4.25,4.28,4.24,4.25,4.28,-0.03,-0.7009,907183.52,386260.371
601857.SH,2021-01-19,4.25,4.29,4.24,4.26,4.25,0.01,0.2353,748038.43,318870.331
601857.SH,2021-01-20,4.27,4.31,4.23,4.27,4.26,0.01,0.2347,810316.37,345732.679
601857.SH,2021-01-21,4.25,4.28,4.24,4.25,4.27,-0.02,-0.4684,717675.21,305833.117
601857.SH,2021-01-22,4.25,4.26,4.18,4.18,4.25,-0.07,-1.6471,985882.45,414158.609
601857.SH,2021-01-25,4.18,4.18,4.13,4.15,4.18,-0.03,-0.7177,793406.97,329259.583
601857.SH,2021-01-26,4.14,4.18,4.13,4.16,4.15,0.01,0.241,605118.83,251736.167
601857.SH,2021-01-27,4.16,4.18,4.14,4.15,4.16,-0.01,-0.2404,720895.55,299821.189
601857.SH,2021-01-28,4.14,4.15,4.11,4.13,4.15,-0.02,-0.4819,808104.65,333092.692
601857.SH,2021-01-29,4.13,4.13,4.08,4.09,4.13,-0.04,-0.9685,857501.55,351731.403
601857.SH,2021-02-01,4.09,4.1,4.06,4.08,4.09,-0.01,-0.2445,779918.11,317569.361
601857.SH,2021-02-02,4.09,4.12,4.08,4.09,4.08,0.01,0.2451,636643.26,260867.507
601857.SH,2021-02-03,4.11,4.12,4.08,4.09,4.09,0.0,0.0,541299.61,221481.936
601857.SH,2021-02-04,4.11,4.11,4.05,4.09,4.09,0.0,0.0,813472.4,331741.542
601857.SH,2021-02-05,4.1,4.11,4.07,4.09,4.09,0.0,0.0,604962.14,247240.992
601857.SH,2021-02-08,4.1,4.12,4.08,4.12,4.09,0.03,0.7335,700484.15,287662.928
601857.SH,2021-02-09,4.12,4.19,4.11,4.17,4.12,0.05,1.2136,1001747.73,416136.227
601857.SH,2021-02-10,4.16,4.22,4.15,4.2,4.17,0.03,0.7194,890650.07,373293.793
601857.SH,2021-02-18,4.43,4.48,4.35,4.38,4.2,0.18,4.2857,4537013.63,2006809.609
601857.SH,2021-02-19,4.34,4.36,4.29,4.32,4.38,-0.06,-1.3699,2094405.42,905330.109
601857.SH,2021-02-22,4.34,4.53,4.33,4.45,4.32,0.13,3.0093,3600958.77,1599993.291
601857.SH,2021-02-23,4.51,4.54,4.45,4.48,4.45,0.03,0.6742,2623272.77,1178545.178
601857.SH,2021-02-24,4.48,4.48,4.3,4.36,4.48,-0.12,-2.6786,2211931.4,972012.394
601857.SH,2021-02-25,4.43,4.5,4.41,4.43,4.36,0.07,1.6055,1903641.82,845552.669
601857.SH,2021-02-26,4.37,4.41,4.35,4.36,4.43,-0.07,-1.5801,1298608.43,568304.97
601857.SH,2021-03-01,4.39,4.4,4.33,4.37,4.36,0.01,0.2294,1125001.73,490738.68
601857.SH,2021-03-02,4.34,4.35,4.26,4.27,4.37,-0.1,-2.2883,1581204.8,679085.001
601857.SH,2021-03-03,4.28,4.33,4.26,4.31,4.27,0.04,0.9368,1037069.25,445787.367
601857.SH,2021-03-04,4.32,4.37,4.31,4.33,4.31,0.02,0.464,1207978.48,523389.175
601857.SH,2021-03-05,4.39,4.43,4.34,4.42,4.33,0.09,2.0785,2121770.99,932162.55
601857.SH,2021-03-08,4.53,4.58,4.49,4.51,4.42,0.09,2.0362,3174768.44,1442799.23
601857.SH,2021-03-09,4.48,4.52,4.41,4.47,4.51,-0.04,-0.8869,1981756.68,884804.704
601857.SH,2021-03-10,4.46,4.47,4.39,4.39,4.47,-0.08,-1.7897,1169710.16,518078.26
601857.SH,2021-03-11,4.42,4.45,4.39,4.44,4.39,0.05,1.139,1066022.0,471419.674
601857.SH,2021-03-12,4.46,4.48,4.41,4.45,4.44,0.01,0.2252,1081476.74,480526.34
601857.SH,2021-03-15,4.43,4.52,4.43,4.51,4.45,0.06,1.3483,1434318.47,644391.276
601857.SH,2021-03-16,4.49,4.5,4.44,4.47,4.51,-0.04,-0.8869,929659.05,414855.664
601857.SH,2021-03-17,4.45,4.45,4.39,4.44,4.47,-0.03,-0.6711,928780.01,410329.613
601857.SH,2021-03-18,4.43,4.44,4.41,4.41,4.44,-0.03,-0.6757,776133.8,343180.296
601857.SH,2021-03-19,4.32,4.36,4.3,4.32,4.41,-0.09,-2.0408,1461098.01,632201.307
601857.SH,2021-03-22,4.31,4.36,4.3,4.36,4.32,0.04,0.9259,751875.88,325738.439
601857.SH,2021-03-23,4.35,4.35,4.31,4.32,4.36,-0.04,-0.9174,637297.53,275666.312
601857.SH,2021-03-24,4.29,4.3,4.26,4.27,4.32,-0.05,-1.1574,880911.42,376815.452
601857.SH,2021-03-25,4.3,4.32,4.28,4.28,4.27,0.01,0.2342,653113.51,280798.104
601857.SH,2021-03-26,4.29,4.31,4.27,4.29,4.28,0.01,0.2336,591739.93,253819.52
601857.SH,2021-03-29,4.31,4.34,4.29,4.3,4.29,0.01,0.2331,855421.17,368839.588
601857.SH,2021-03-30,4.31,4.32,4.29,4.3,4.3,0.0,0.0,690642.87,296944.196
601857.SH,2021-03-31,4.29,4.31,4.27,4.3,4.3,0.0,0.0,731929.43,313973.043
601857.SH,2021-04-01,4.3,4.3,4.27,4.28,4.3,-0.02,-0.4651,602537.8,257730.962
601857.SH,2021-04-02,4.3,4.3,4.27,4.28,4.28,0.0,0.0,655116.75,280812.103
601857.SH,2021-04-06,4.27,4.28,4.24,4.25,4.28,-0.03,-0.7009,636932.32,270872.565
601857.SH,2021-04-07,4.24,4.28,4.24,4.27,4.25,0.02,0.4706,692009.85,294963.3
601857.SH,2021-04-08,4.26,4.28,4.25,4.26,4.27,-0.01,-0.2342,614595.54,261998.72
601857.SH,2021-04-09,4.25,4.29,4.25,4.27,4.26,0.01,0.2347,709024.34,302752.478
601857.SH,2021-04-12,4.27,4.3,4.26,4.28,4.27,0.01,0.2342,713422.16,305391.371
601857.SH,2021-04-13,4.28,4.29,4.23,4.25,4.28,-0.03,-0.7009,727180.16,309045.958
601857.SH,2021-04-14,4.25,4.26,4.23,4.25,4.25,0.0,0.0,473144.17,200902.28
601857.SH,2021-04-15,4.27,4.27,4.25,4.27,4.25,0.02,0.4706,610203.7,259925.275
601857.SH,2021-04-16,4.27,4.32,4.26,4.31,4.27,0.04,0.9368,842987.4,362021.098
601857.SH,2021-04-19,4.31,4.31,4.28,4.29,4.31,-0.02,-0.464,928416.5,398259.56
601857.SH,2021-04-20,4.28,4.29,4.26,4.27,4.29,-0.02,-0.4662,551239.41,235633.276
601857.SH,2021-04-21,4.26,4.27,4.23,4.23,4.27,-0.04,-0.9368,815961.4,346116.024
601857.SH,2021-04-22,4.24,4.24,4.15,4.17,4.23,-0.06,-1.4184,1629497.4,683413.693
601857.SH,2021-04-23,4.17,4.18,4.15,4.17,4.17,0.0,0.0,568130.4,236286.72
601857.SH,2021-04-26,4.17,4.19,4.16,4.17,4.17,0.0,0.0,554342.74,231327.215
601857.SH,2021-04-27,4.17,4.17,4.12,4.14,4.17,-0.03,-0.7194,599983.3,248355.94
601857.SH,2021-04-28,4.14,4.17,4.13,4.17,4.14,0.03,0.7246,456537.97,189551.672
601857.SH,2021-04-29,4.18,4.21,4.17,4.2,4.17,0.03,0.7194,698190.5,292917.281
601857.SH,2021-04-30,4.25,4.27,4.22,4.25,4.2,0.05,1.1905,1384813.87,587688.326
601857.SH,2021-05-06,4.28,4.41,4.27,4.38,4.25,0.13,3.0588,2700550.45,1177531.236
601857.SH,2021-05-07,4.38,4.45,4.36,4.44,4.38,0.06,1.3699,2453753.58,1084078.033
601857.SH,2021-05-10,4.47,4.59,4.47,4.58,4.44,0.14,3.1532,3213357.71,1456396.248
601857.SH,2021-05-11,4.55,4.57,4.5,4.56,4.58,-0.02,-0.4367,2211700.45,1003396.563
601857.SH,2021-05-12,4.56,4.69,4.55,4.69,4.56,0.13,2.8509,2463119.48,1147197.518
601857.SH,2021-05-13,4.69,4.71,4.62,4.69,4.69,0.0,0.0,2053805.43,958194.816
601857.SH,2021-05-14,4.64,4.68,4.58,4.65,4.69,-0.04,-0.8529,2032162.28,939816.647
601857.SH,2021-05-17,4.68,4.73,4.64,4.66,4.65,0.01,0.2151,1572318.73,735955.103
601857.SH,2021-05-18,4.71,4.89,4.69,4.87,4.66,0.21,4.5064,2864498.53,1377350.366
601857.SH,2021-05-19,4.85,4.85,4.76,4.8,4.87,-0.07,-1.4374,1462801.99,701558.569
601857.SH,2021-05-20,4.71,4.71,4.61,4.66,4.8,-0.14,-2.9167,1802003.26,838893.618
601857.SH,2021-05-21,4.62,4.7,4.61,4.69,4.66,0.03,0.6438,1305720.29,610412.858
601857.SH,2021-05-24,4.71,4.73,4.6,4.62,4.69,-0.07,-1.4925,1365567.25,633676.19
601857.SH,2021-05-25,4.67,4.74,4.66,4.72,4.62,0.1,2.1645,1662661.22,781691.198
601857.SH,2021-05-26,4.71,4.71,4.66,4.68,4.72,-0.04,-0.8475,997477.76,467104.276
601857.SH,2021-05-27,4.67,4.7,4.64,4.64,4.68,-0.04,-0.8547,1045859.05,487134.459
601857.SH,2021-05-28,4.67,4.71,4.65,4.67,4.64,0.03,0.6466,781853.13,365405.47
601857.SH,2021-05-31,4.66,4.66,4.6,4.62,4.67,-0.05,-1.0707,884064.17,408384.442
601857.SH,2021-06-01,4.63,4.72,4.61,4.71,4.62,0.09,1.9481,1284599.29,598514.079
601857.SH,2021-06-02,4.73,4.77,4.68,4.71,4.71,0.0,0.0,1322938.92,624362.288
601857.SH,2021-06-03,4.76,4.82,4.74,4.75,4.71,0.04,0.8493,1328688.75,635187.996
601857.SH,2021-06-04,4.71,4.73,4.65,4.69,4.75,-0.06,-1.2632,1111743.5,520526.631
601857.SH,2021-06-07,4.73,4.76,4.72,4.75,4.69,0.06,1.2793,1068025.7,506364.914
601857.SH,2021-06-08,4.73,4.75,4.7,4.72,4.75,-0.03,-0.6316,809199.51,381952.759
601857.SH,2021-06-09,4.76,4.9,4.75,4.89,4.72,0.17,3.6017,2286461.66,1108292.377
601857.SH,2021-06-10,4.85,4.94,4.84,4.91,4.89,0.02,0.409,1464945.71,717599.23
601857.SH,2021-06-11,4.93,5.31,4.92,5.19,4.91,0.28,5.7026,4398712.68,2260760.703
601857.SH,2021-06-15,5.21,5.35,5.15,5.23,5.19,0.04,0.7707,3298847.58,1728374.393
601857.SH,2021-06-16,5.33,5.43,5.21,5.31,5.23,0.08,1.5296,3272438.36,1744749.37
601857.SH,2021-06-17,5.25,5.25,5.1,5.23,5.31,-0.08,-1.5066,2822193.17,1465022.882
601857.SH,2021-06-18,5.15,5.21,5.09,5.15,5.23,-0.08,-1.5296,1966819.69,1011534.02
601857.SH,2021-06-21,5.2,5.22,5.06,5.11,5.15,-0.04,-0.7767,1862332.61,957016.79
601857.SH,2021-06-22,5.2,5.45,5.19,5.38,5.11,0.27,5.2838,3011015.3,1608917.197
601857.SH,2021-06-23,5.38,5.42,5.29,5.38,5.38,0.0,0.0,1797703.1,962719.687
601857.SH,2021-06-24,5.38,5.42,5.32,5.39,5.38,0.01,0.1859,1323523.59,710331.109
601857.SH,2021-06-25,5.4,5.55,5.34,5.41,5.39,0.02,0.3711,2171729.6,1180095.239
601857.SH,2021-06-28,5.48,5.52,5.35,5.35,5.41,-0.06,-1.1091,1604963.95,867318.776
601857.SH,2021-06-29,5.22,5.31,5.1,5.24,5.26,-0.02,-0.3802,1660825.69,866051.018
601857.SH,2021-06-30,5.25,5.31,5.2,5.29,5.24,0.05,0.9542,1041356.16,546913.891
601857.SH,2021-07-01,5.31,5.32,5.17,5.24,5.29,-0.05,-0.9452,1318342.25,692114.094
601857.SH,2021-07-02,5.35,5.44,5.21,5.23,5.24,-0.01,-0.1908,2282633.66,1211280.204
601857.SH,2021-07-05,5.21,5.24,5.08,5.19,5.23,-0.04,-0.7648,1685006.55,868896.544
601857.SH,2021-07-06,5.24,5.27,5.21,5.25,5.19,0.06,1.1561,1084488.75,568334.154
601857.SH,2021-07-07,5.11,5.16,5.06,5.12,5.25,-0.13,-2.4762,1767699.71,903264.205
601857.SH,2021-07-08,5.05,5.09,4.94,4.99,5.12,-0.13,-2.5391,2014392.06,1009462.443
601857.SH,2021-07-09,5.02,5.05,4.94,4.99,4.99,0.0,0.0,1403228.42,698251.837
601857.SH,2021-07-12,5.05,5.06,4.92,4.93,4.99,-0.06,-1.2024,1511921.47,753096.063
601857.SH,2021-07-13,4.93,5.0,4.88,4.95,4.93,0.02,0.4057,1302438.25,642536.856
601857.SH,2021-07-14,4.95,4.96,4.86,4.88,4.95,-0.07,-1.4141,1326310.65,649847.162
601857.SH,2021-07-15,4.8,4.9,4.76,4.86,4.88,-0.02,-0.4098,1635330.47,788464.465
601857.SH,2021-07-16,4.82,4.86,4.8,4.82,4.86,-0.04,-0.823,1094562.78,528485.696
601857.SH,2021-07-19,4.81,4.81,4.69,4.74,4.82,-0.08,-1.6598,1323064.96,627354.808
601857.SH,2021-07-20,4.65,4.71,4.58,4.7,4.74,-0.04,-0.8439,1895540.43,878353.031
601857.SH,2021-07-21,4.7,4.72,4.63,4.68,4.7,-0.02,-0.4255,919567.8,429424.98
601857.SH,2021-07-22,4.75,4.84,4.72,4.74,4.68,0.06,1.2821,1681878.65,803299.566
601857.SH,2021-07-23,4.74,4.8,4.7,4.71,4.74,-0.03,-0.6329,1138083.7,539374.779
601857.SH,2021-07-26,4.71,4.72,4.6,4.63,4.71,-0.08,-1.6985,1409861.48,654604.782
601857.SH,2021-07-27,4.65,4.78,4.64,4.7,4.63,0.07,1.5119,1852508.83,873168.522
601857.SH,2021-07-28,4.65,4.73,4.58,4.65,4.7,-0.05,-1.0638,1562980.96,726249.916
601857.SH,2021-07-29,4.67,4.68,4.6,4.64,4.65,-0.01,-0.2151,1267602.8,586599.299
601857.SH,2021-07-30,4.64,4.73,4.6,4.68,4.64,0.04,0.8621,1206528.88,563748.253
601857.SH,2021-08-02,4.65,4.68,4.55,4.67,4.68,-0.01,-0.2137,1454451.21,672397.772
601857.SH,2021-08-03,4.6,4.63,4.57,4.58,4.67,-0.09,-1.9272,1280180.0,588495.804
601857.SH,2021-08-04,4.58,4.63,4.56,4.61,4.58,0.03,0.655,829718.88,381465.322
601857.SH,2021-08-05,4.57,4.6,4.55,4.56,4.61,-0.05,-1.0846,999712.48,456895.567
601857.SH,2021-08-06,4.57,4.58,4.51,4.55,4.56,-0.01,-0.2193,940952.56,427064.484
601857.SH,2021-08-09,4.51,4.57,4.5,4.54,4.55,-0.01,-0.2198,800721.42,363554.51
601857.SH,2021-08-10,4.53,4.56,4.5,4.55,4.54,0.01,0.2203,898599.5,406666.146
601857.SH,2021-08-11,4.57,4.64,4.57,4.61,4.55,0.06,1.3187,1433989.23,660651.456
601857.SH,2021-08-12,4.61,4.64,4.57,4.6,4.61,-0.01,-0.2169,937873.58,432269.709
601857.SH,2021-08-13,4.6,4.61,4.54,4.55,4.6,-0.05,-1.087,953219.27,436110.66
601857.SH,2021-08-16,4.54,4.62,4.52,4.6,4.55,0.05,1.0989,1284903.59,590009.947
601857.SH,2021-08-17,4.59,4.62,4.51,4.53,4.6,-0.07,-1.5217,1414045.92,644469.367
601857.SH,2021-08-18,4.51,4.55,4.48,4.54,4.53,0.01,0.2208,1145506.77,516395.75
601857.SH,2021-08-19,4.5,4.51,4.43,4.44,4.54,-0.1,-2.2026,1410525.08,629432.572
601857.SH,2021-08-20,4.43,4.45,4.37,4.4,4.44,-0.04,-0.9009,1324969.51,582751.338
601857.SH,2021-08-23,4.39,4.46,4.39,4.43,4.4,0.03,0.6818,1002810.56,444226.409
601857.SH,2021-08-24,4.49,4.52,4.47,4.51,4.43,0.08,1.8059,1345909.94,605311.583
601857.SH,2021-08-25,4.54,4.61,4.5,4.61,4.51,0.1,2.2173,1369774.6,623849.148
601857.SH,2021-08-26,4.61,4.7,4.59,4.65,4.61,0.04,0.8677,1588484.6,738955.852
601857.SH,2021-08-27,4.67,4.73,4.65,4.73,4.65,0.08,1.7204,1648294.67,774002.542
601857.SH,2021-08-30,4.78,4.88,4.77,4.86,4.73,0.13,2.7484,2403491.4,1159501.187
601857.SH,2021-08-31,4.84,4.95,4.78,4.94,4.86,0.08,1.6461,2166718.18,1056313.801
601857.SH,2021-09-01,4.96,5.0,4.87,4.93,4.94,-0.01,-0.2024,1773358.23,874749.967
601857.SH,2021-09-02,4.92,4.99,4.89,4.96,4.93,0.03,0.6085,1471800.93,727690.565
601857.SH,2021-09-03,5.02,5.08,5.01,5.05,4.96,0.09,1.8145,1800423.94,908595.05
601857.SH,2021-09-06,5.03,5.1,5.0,5.01,5.05,-0.04,-0.7921,1338878.27,673689.559
601857.SH,2021-09-07,5.02,5.15,5.0,5.13,5.01,0.12,2.3952,2047434.89,1042099.266
601857.SH,2021-09-08,5.1,5.23,5.08,5.16,5.13,0.03,0.5848,1431153.01,736914.148
601857.SH,2021-09-09,5.16,5.33,5.15,5.27,5.16,0.11,2.1318,2552545.4,1342188.798
601857.SH,2021-09-10,5.24,5.3,5.16,5.19,5.27,-0.08,-1.518,2113730.7,1102471.882
601857.SH,2021-09-13,5.26,5.51,5.24,5.5,5.19,0.31,5.973,3914450.4,2116002.014
601857.SH,2021-09-14,5.53,5.99,5.46,5.71,5.5,0.21,3.8182,6600459.26,3766091.328
601857.SH,2021-09-15,5.62,6.11,5.6,5.99,5.71,0.28,4.9037,5927286.13,3515749.153
601857.SH,2021-09-16,6.15,6.19,5.86,5.95,5.99,-0.04,-0.6678,5418312.29,3263725.748
601857.SH,2021-09-17,5.78,5.94,5.5,5.7,5.82,-0.12,-2.0619,4317243.14,2471115.038
601857.SH,2021-09-22,5.63,6.15,5.58,6.11,5.7,0.41,7.193,4905011.84,2884718.062
601857.SH,2021-09-23,6.15,6.18,5.92,5.99,6.11,-0.12,-1.964,4337376.38,2613908.671
601857.SH,2021-09-24,6.05,6.25,5.94,5.97,5.99,-0.02,-0.3339,3700975.07,2248674.025
601857.SH,2021-09-27,6.1,6.36,6.06,6.21,5.97,0.24,4.0201,5651826.28,3500043.157
601857.SH,2021-09-28,6.3,6.49,6.09,6.49,6.21,0.28,4.5089,5588387.49,3530201.595
601857.SH,2021-09-29,6.29,6.29,5.86,6.04,6.49,-0.45,-6.9337,5801199.31,3537612.512
601857.SH,2021-09-30,5.94,6.07,5.79,6.01,6.04,-0.03,-0.4967,3316225.35,1970997.786
601857.SH,2021-10-08,6.36,6.47,6.13,6.28,6.01,0.27,4.4925,3762907.74,2371218.867
601857.SH,2021-10-11,6.33,6.39,6.11,6.15,6.28,-0.13,-2.0701,2638856.57,1634055.374
601857.SH,2021-10-12,6.12,6.26,5.91,6.0,6.15,-0.15,-2.439,3008476.19,1822498.094
601857.SH,2021-10-13,5.9,5.93,5.54,5.75,6.0,-0.25,-4.1667,3831237.61,2194026.564
601857.SH,2021-10-14,5.74,5.8,5.66,5.7,5.75,-0.05,-0.8696,1937261.94,1110525.677
601857.SH,2021-10-15,5.75,6.0,5.68,5.95,5.7,0.25,4.386,3019901.21,1766343.322
601857.SH,2021-10-18,5.99,6.08,5.86,6.01,5.95,0.06,1.0084,2036432.68,1219266.186
601857.SH,2021-10-19,5.9,5.99,5.84,5.96,6.01,-0.05,-0.8319,1800807.88,1067329.539
601857.SH,2021-10-20,5.85,5.92,5.81,5.85,5.96,-0.11,-1.8456,1612080.47,943179.965
601857.SH,2021-10-21,5.91,5.98,5.85,5.88,5.85,0.03,0.5128,1541797.71,911696.083
601857.SH,2021-10-22,5.83,5.88,5.66,5.7,5.88,-0.18,-3.0612,1998793.02,1147465.48
601857.SH,2021-10-25,5.76,6.02,5.7,5.91,5.7,0.21,3.6842,2156761.03,1271729.15
601857.SH,2021-10-26,5.97,5.98,5.82,5.85,5.91,-0.06,-1.0152,1326763.44,782663.25
601857.SH,2021-10-27,5.82,5.9,5.74,5.81,5.85,-0.04,-0.6838,1480118.78,859622.836
601857.SH,2021-10-28,5.7,5.7,5.41,5.45,5.81,-0.36,-6.1962,3090018.78,1696123.896
601857.SH,2021-10-29,5.51,5.53,5.33,5.48,5.45,0.03,0.5505,2165149.84,1174390.872
601857.SH,2021-11-01,5.47,5.51,5.36,5.38,5.48,-0.1,-1.8248,1750522.21,947709.783
601857.SH,2021-11-02,5.43,5.44,5.16,5.27,5.38,-0.11,-2.0446,2082806.49,1100757.03
601857.SH,2021-11-03,5.19,5.26,5.13,5.18,5.27,-0.09,-1.7078,1654093.06,858111.095
601857.SH,2021-11-04,5.1,5.11,5.01,5.07,5.18,-0.11,-2.1236,2040285.43,1031993.755
601857.SH,2021-11-05,5.02,5.05,4.9,4.9,5.07,-0.17,-3.3531,1899815.93,941446.497
601857.SH,2021-11-08,4.95,5.03,4.91,4.93,4.9,0.03,0.6122,1548334.69,768503.892
601857.SH,2021-11-09,4.93,4.94,4.83,4.85,4.93,-0.08,-1.6227,1491918.54,725611.13
601857.SH,2021-11-10,4.9,4.91,4.79,4.85,4.85,0.0,0.0,1788556.53,865339.06
601857.SH,2021-11-11,4.8,4.85,4.77,4.82,4.85,-0.03,-0.6186,1678931.08,808301.034
601857.SH,2021-11-12,4.83,4.85,4.78,4.81,4.82,-0.01,-0.2075,1450042.16,697528.182
601857.SH,2021-11-15,4.8,4.83,4.76,4.81,4.81,0.0,0.0,1231063.08,590162.938
601857.SH,2021-11-16,4.81,4.85,4.77,4.77,4.81,-0.04,-0.8316,1725119.11,828369.196
601857.SH,2021-11-17,4.77,4.83,4.74,4.83,4.77,0.06,1.2579,1275660.8,612273.06
601857.SH,2021-11-18,4.78,4.81,4.76,4.77,4.83,-0.06,-1.2422,1368661.13,653996.314
601857.SH,2021-11-19,4.77,4.85,4.74,4.83,4.77,0.06,1.2579,1502051.21,721496.841
601857.SH,2021-11-22,4.79,4.85,4.78,4.85,4.83,0.02,0.4141,1711208.39,823435.481
601857.SH,2021-11-23,4.83,4.92,4.83,4.86,4.85,0.01,0.2062,1550650.58,756515.037
601857.SH,2021-11-24,4.92,5.02,4.92,4.95,4.86,0.09,1.8519,1707299.97,846303.799
601857.SH,2021-11-25,4.95,4.97,4.86,4.87,4.95,-0.08,-1.6162,1163868.44,569104.242
601857.SH,2021-11-26,4.85,4.85,4.75,4.77,4.87,-0.1,-2.0534,1547646.64,740648.389
601857.SH,2021-11-29,4.66,4.78,4.64,4.74,4.77,-0.03,-0.6289,1502001.97,706559.126
601857.SH,2021-11-30,4.73,4.78,4.69,4.71,4.74,-0.03,-0.6329,1201127.4,568513.536
601857.SH,2021-12-01,4.7,4.87,4.69,4.86,4.71,0.15,3.1847,1505730.17,722644.589
601857.SH,2021-12-02,4.83,4.95,4.82,4.89,4.86,0.03,0.6173,1254351.5,613948.053
601857.SH,2021-12-03,4.93,4.97,4.85,4.92,4.89,0.03,0.6135,1152176.82,565984.614
601857.SH,2021-12-06,4.91,4.97,4.88,4.89,4.92,-0.03,-0.6098,1001081.72,492309.572
601857.SH,2021-12-07,4.94,4.97,4.9,4.96,4.89,0.07,1.4315,1295641.19,639942.66
601857.SH,2021-12-08,4.99,5.04,4.97,5.01,4.96,0.05,1.0081,1409221.37,704781.963
601857.SH,2021-12-09,5.02,5.09,5.0,5.08,5.01,0.07,1.3972,1346193.49,681697.403
601857.SH,2021-12-10,5.06,5.06,4.93,4.97,5.08,-0.11,-2.1654,1592310.77,793767.524
601857.SH,2021-12-13,4.96,5.01,4.94,4.96,4.97,-0.01,-0.2012,1158115.88,575072.359
601857.SH,2021-12-14,4.94,4.94,4.82,4.86,4.96,-0.1,-2.0161,1584250.15,770081.281
601857.SH,2021-12-15,4.83,4.85,4.79,4.83,4.86,-0.03,-0.6173,943576.33,455152.807
601857.SH,2021-12-16,4.85,4.95,4.84,4.94,4.83,0.11,2.2774,1346471.9,660270.736
601857.SH,2021-12-17,4.93,4.99,4.91,4.94,4.94,0.0,0.0,1057375.21,522552.581
601857.SH,2021-12-20,4.9,4.92,4.85,4.85,4.94,-0.09,-1.8219,1069757.0,522262.155
601857.SH,2021-12-21,4.85,4.91,4.84,4.9,4.85,0.05,1.0309,760045.96,370761.031
601857.SH,2021-12-22,4.93,4.99,4.89,4.89,4.9,-0.01,-0.2041,1097239.3,540769.098
601857.SH,2021-12-23,4.92,5.05,4.9,5.03,4.89,0.14,2.863,2116516.75,1054923.701
601857.SH,2021-12-24,5.04,5.05,4.93,4.94,5.03,-0.09,-1.7893,1071869.65,532242.643
601857.SH,2021-12-27,4.92,5.0,4.92,4.95,4.94,0.01,0.2024,773640.82,383846.871
601857.SH,2021-12-28,5.0,5.02,4.91,4.93,4.95,-0.02,-0.404,1143253.69,565165.071
601857.SH,2021-12-29,4.93,4.94,4.9,4.91,4.93,-0.02,-0.4057,751128.09,369162.142
601857.SH,2021-12-30,4.92,4.95,4.9,4.9,4.91,-0.01,-0.2037,906080.53,445570.05
601857.SH,2021-12-31,4.9,4.93,4.88,4.91,4.9,0.01,0.2041,745480.57,365839.904
601857.SH,2022-01-04,4.92,4.95,4.9,4.94,4.91,0.03,0.611,1240414.16,611133.22
601857.SH,2022-01-05,4.93,4.98,4.92,4.96,4.94,0.02,0.4049,1401265.63,694345.515
601857.SH,2022-01-06,4.94,5.02,4.92,4.98,4.96,0.02,0.4032,1437800.27,717103.003
601857.SH,2022-01-07,5.03,5.32,5.02,5.27,4.98,0.29,5.8233,4216157.54,2190315.196
601857.SH,2022-01-10,5.23,5.37,5.17,5.3,5.27,0.03,0.5693,2706297.82,1425931.364
601857.SH,2022-01-11,5.28,5.33,5.23,5.24,5.3,-0.06,-1.1321,1274730.24,672188.076
601857.SH,2022-01-12,5.38,5.44,5.29,5.33,5.24,0.09,1.7176,2805586.23,1505850.85
601857.SH,2022-01-13,5.44,5.58,5.41,5.48,5.33,0.15,2.8143,3063673.97,1682746.717
601857.SH,2022-01-14,5.46,5.46,5.28,5.29,5.48,-0.19,-3.4672,2103849.11,1121965.653
601857.SH,2022-01-17,5.39,5.42,5.21,5.32,5.29,0.03,0.5671,1822126.76,965912.179
601857.SH,2022-01-18,5.32,5.52,5.3,5.49,5.32,0.17,3.1955,2400137.73,1302118.003
601857.SH,2022-01-19,5.53,5.57,5.41,5.5,5.49,0.01,0.1821,2990874.76,1642503.627
601857.SH,2022-01-20,5.29,5.44,5.25,5.4,5.5,-0.1,-1.8182,2739628.17,1470115.27
601857.SH,2022-01-21,5.31,5.32,5.13,5.17,5.4,-0.23,-4.2593,2829948.72,1470192.624
601857.SH,2022-01-24,5.2,5.32,5.16,5.3,5.17,0.13,2.5145,1564771.17,820494.374
601857.SH,2022-01-25,5.22,5.26,5.14,5.14,5.3,-0.16,-3.0189,1669051.01,867155.239
601857.SH,2022-01-26,5.25,5.29,5.18,5.28,5.14,0.14,2.7237,1805415.43,947424.801
601857.SH,2022-01-27,5.31,5.37,5.22,5.24,5.28,-0.04,-0.7576,1556820.51,825570.124
601857.SH,2022-01-28,5.23,5.27,4.99,5.02,5.24,-0.22,-4.1985,2900570.98,1471544.839
601857.SH,2022-02-07,5.19,5.5,5.18,5.48,5.02,0.46,9.1633,3996823.64,2148159.548
601857.SH,2022-02-08,5.41,5.55,5.39,5.53,5.48,0.05,0.9124,2476786.1,1356727.519
601857.SH,2022-02-09,5.45,5.52,5.43,5.48,5.53,-0.05,-0.9042,1748857.7,957223.018
601857.SH,2022-02-10,5.49,5.61,5.43,5.52,5.48,0.04,0.7299,2172502.16,1199388.726
601857.SH,2022-02-11,5.5,5.87,5.49,5.8,5.52,0.28,5.0725,4576501.1,2619387.301
601857.SH,2022-02-14,5.99,6.04,5.76,5.82,5.8,0.02,0.3448,3313170.41,1943458.857
601857.SH,2022-02-15,5.78,5.78,5.58,5.65,5.82,-0.17,-2.921,2585321.49,1465627.934
601857.SH,2022-02-16,5.5,5.67,5.45,5.64,5.65,-0.01,-0.177,2375093.03,1320619.882
601857.SH,2022-02-17,5.58,5.75,5.54,5.7,5.64,0.06,1.0638,2456602.09,1384281.435
601857.SH,2022-02-18,5.61,5.67,5.54,5.63,5.7,-0.07,-1.2281,1889898.89,1058818.777
601857.SH,2022-02-21,5.64,5.66,5.53,5.57,5.63,-0.06,-1.0657,1369936.64,761733.091
601857.SH,2022-02-22,5.7,5.8,5.64,5.8,5.57,0.23,4.1293,3705774.73,2120971.56
601857.SH,2022-02-23,5.68,5.72,5.59,5.67,5.8,-0.13,-2.2414,2506085.85,1413266.239
601857.SH,2022-02-24,5.67,6.08,5.63,5.91,5.67,0.24,4.2328,6077027.44,3568694.591
601857.SH,2022-02-25,5.74,5.81,5.63,5.73,5.91,-0.18,-3.0457,3974931.97,2275530.316
601857.SH,2022-02-28,5.75,5.88,5.73,5.77,5.73,0.04,0.6981,2582706.22,1494400.574
601857.SH,2022-03-01,5.77,5.77,5.65,5.73,5.77,-0.04,-0.6932,2142102.56,1220164.547
601857.SH,2022-03-02,5.92,5.96,5.81,5.84,5.73,0.11,1.9197,3274135.48,1920291.586
601857.SH,2022-03-03,5.9,6.02,5.88,5.93,5.84,0.09,1.5411,3804172.5,2260470.245
601857.SH,2022-03-04,5.85,5.89,5.75,5.81,5.93,-0.12,-2.0236,2445656.28,1421202.527
601857.SH,2022-03-07,6.0,6.03,5.9,5.94,5.81,0.13,2.2375,3793406.39,2261667.61
601857.SH,2022-03-08,5.88,6.0,5.76,5.9,5.94,-0.04,-0.6734,3069427.66,1803427.827
601857.SH,2022-03-09,5.92,5.97,5.55,5.74,5.9,-0.16,-2.7119,3602255.6,2092346.519
601857.SH,2022-03-10,5.55,5.68,5.5,5.66,5.74,-0.08,-1.3937,2961434.22,1656891.897
601857.SH,2022-03-11,5.57,5.58,5.4,5.58,5.66,-0.08,-1.4134,2679130.96,1474349.759
601857.SH,2022-03-14,5.46,5.63,5.45,5.46,5.58,-0.12,-2.1505,1771881.89,981229.493
601857.SH,2022-03-15,5.38,5.38,5.0,5.0,5.46,-0.46,-8.4249,3475313.71,1789253.472
601857.SH,2022-03-16,5.02,5.1,4.86,5.08,5.0,0.08,1.6,2833017.19,1411043.242
601857.SH,2022-03-17,5.1,5.15,5.03,5.13,5.08,0.05,0.9843,2529723.3,1288119.761
601857.SH,2022-03-18,5.21,5.3,5.19,5.25,5.13,0.12,2.3392,2357895.22,1237072.284
601857.SH,2022-03-21,5.27,5.29,5.16,5.2,5.25,-0.05,-0.9524,1769336.75,922136.27
601857.SH,2022-03-22,5.27,5.37,5.27,5.35,5.2,0.15,2.8846,2107440.22,1122790.822
601857.SH,2022-03-23,5.3,5.36,5.26,5.32,5.35,-0.03,-0.5607,1300493.29,691336.838
601857.SH,2022-03-24,5.41,5.47,5.34,5.35,5.32,0.03,0.5639,1573707.7,850596.273
601857.SH,2022-03-25,5.3,5.42,5.28,5.37,5.35,0.02,0.3738,1266488.67,680087.357
601857.SH,2022-03-28,5.4,5.64,5.36,5.56,5.37,0.19,3.5382,2496192.17,1378987.142
601857.SH,2022-03-29,5.48,5.64,5.46,5.62,5.56,0.06,1.0791,1612804.76,896083.578
601857.SH,2022-03-30,5.6,5.6,5.45,5.53,5.62,-0.09,-1.6014,2007888.55,1106057.771
601857.SH,2022-03-31,5.5,5.57,5.46,5.52,5.53,-0.01,-0.1808,1604904.22,884331.831
601857.SH,2022-04-01,5.4,5.5,5.34,5.47,5.52,-0.05,-0.9058,1781467.39,966531.797
601857.SH,2022-04-06,5.47,5.64,5.44,5.61,5.47,0.14,2.5594,1981057.75,1100751.78
601857.SH,2022-04-07,5.56,5.68,5.55,5.56,5.61,-0.05,-0.8913,1593784.75,892401.689
601857.SH,2022-04-08,5.58,5.65,5.52,5.58,5.56,0.02,0.3597,1167660.97,651070.422
601857.SH,2022-04-11,5.6,5.66,5.47,5.5,5.58,-0.08,-1.4337,1444356.08,804562.74
601857.SH,2022-04-12,5.45,5.49,5.34,5.46,5.5,-0.04,-0.7273,1742594.57,944636.059
601857.SH,2022-04-13,5.51,5.59,5.5,5.52,5.46,0.06,1.0989,1583064.77,878165.822
601857.SH,2022-04-14,5.56,5.62,5.54,5.6,5.52,0.08,1.4493,1333181.56,745071.873
601857.SH,2022-04-15,5.67,5.7,5.54,5.54,5.6,-0.06,-1.0714,1305146.86,731917.448
601857.SH,2022-04-18,5.55,5.62,5.39,5.4,5.54,-0.14,-2.5271,1459858.4,800685.561
601857.SH,2022-04-19,5.4,5.61,5.37,5.6,5.4,0.2,3.7037,2182906.12,1206365.554
601857.SH,2022-04-20,5.52,5.58,5.4,5.41,5.6,-0.19,-3.3929,1612460.5,881412.223
601857.SH,2022-04-21,5.41,5.46,5.12,5.16,5.41,-0.25,-4.6211,2799732.21,1469169.159
601857.SH,2022-04-22,5.09,5.32,5.07,5.28,5.16,0.12,2.3256,1831624.38,960613.061
601857.SH,2022-04-25,5.18,5.26,5.04,5.05,5.28,-0.23,-4.3561,2173065.51,1117316.149
601857.SH,2022-04-26,5.05,5.12,4.95,4.99,5.05,-0.06,-1.1881,1834246.27,920463.561
601857.SH,2022-04-27,4.99,5.09,4.96,5.08,4.99,0.09,1.8036,1857740.41,934677.382
601857.SH,2022-04-28,5.08,5.21,5.04,5.18,5.08,0.1,1.9685,1551008.03,797468.44
601857.SH,2022-04-29,5.25,5.39,5.17,5.38,5.18,0.2,3.861,2035597.21,1075245.842
601857.SH,2022-05-05,5.41,5.49,5.39,5.45,5.38,0.07,1.3011,2101203.64,1144826.697
601857.SH,2022-05-06,5.34,5.37,5.24,5.29,5.45,-0.16,-2.9358,1380164.4,733109.004
601857.SH,2022-05-09,5.29,5.36,5.26,5.34,5.29,0.05,0.9452,866497.14,460910.345
601857.SH,2022-05-10,5.15,5.2,5.07,5.18,5.34,-0.16,-2.9963,2240503.74,1150308.091
601857.SH,2022-05-11,5.15,5.21,5.13,5.19,5.18,0.01,0.1931,1423396.72,736444.984
601857.SH,2022-05-12,5.21,5.23,5.1,5.13,5.19,-0.06,-1.1561,1276640.3,659143.734
601857.SH,2022-05-13,5.18,5.2,5.13,5.16,5.13,0.03,0.5848,1399083.02,722474.364
601857.SH,2022-05-16,5.2,5.21,5.13,5.17,5.16,0.01,0.1938,1042247.79,538342.558
601857.SH,2022-05-17,5.2,5.26,5.19,5.23,5.17,0.06,1.1605,1429405.1,746165.755
601857.SH,2022-05-18,5.2,5.21,5.13,5.18,5.23,-0.05,-0.956,1244808.13,643253.395
601857.SH,2022-05-19,5.1,5.14,5.05,5.14,5.18,-0.04,-0.7722,1486892.36,757342.915
601857.SH,2022-05-20,5.15,5.22,5.13,5.22,5.14,0.08,1.5564,1581820.9,820898.012
601857.SH,2022-05-23,5.23,5.24,5.19,5.22,5.22,0.0,0.0,1034249.39,539762.117
601857.SH,2022-05-24,5.23,5.29,5.17,5.18,5.22,-0.04,-0.7663,1583884.01,830107.523
601857.SH,2022-05-25,5.2,5.35,5.19,5.32,5.18,0.14,2.7027,1601250.94,846648.652
601857.SH,2022-05-26,5.35,5.38,5.28,5.36,5.32,0.04,0.7519,1137062.52,606352.573
601857.SH,2022-05-27,5.41,5.6,5.41,5.55,5.36,0.19,3.5448,2833646.11,1561958.616
601857.SH,2022-05-30,5.59,5.63,5.49,5.53,5.55,-0.02,-0.3604,1505443.09,834789.437
601857.SH,2022-05-31,5.59,5.67,5.57,5.66,5.53,0.13,2.3508,1967615.57,1109759.253
601857.SH,2022-06-01,5.6,5.61,5.5,5.55,5.66,-0.11,-1.9435,1194523.25,663222.69
601857.SH,2022-06-02,5.47,5.5,5.41,5.47,5.55,-0.08,-1.4414,1172709.48,639713.642
601857.SH,2022-06-06,5.58,5.58,5.45,5.5,5.47,0.03,0.5484,1688920.65,927432.052
601857.SH,2022-06-07,5.5,5.54,5.46,5.5,5.5,0.0,0.0,1406882.9,773916.604
601857.SH,2022-06-08,5.53,5.64,5.52,5.64,5.5,0.14,2.5455,1763437.26,985233.71
601857.SH,2022-06-09,5.7,5.88,5.7,5.8,5.64,0.16,2.8369,2738423.89,1592285.172
601857.SH,2022-06-10,5.74,5.91,5.72,5.89,5.8,0.09,1.5517,2094474.19,1222107.082
601857.SH,2022-06-13,5.83,6.03,5.8,5.89,5.89,0.0,0.0,2297696.81,1353928.628
601857.SH,2022-06-14,5.84,6.22,5.82,6.21,5.89,0.32,5.4329,4145919.65,2516716.554
601857.SH,2022-06-15,6.18,6.32,6.13,6.13,6.21,-0.08,-1.2882,3875247.93,2411257.598
601857.SH,2022-06-16,6.1,6.14,5.89,5.92,6.13,-0.21,-3.4258,2977296.4,1770849.492
601857.SH,2022-06-17,5.84,5.93,5.76,5.83,5.92,-0.09,-1.5203,2756744.55,1609253.527
601857.SH,2022-06-20,5.69,5.69,5.39,5.45,5.83,-0.38,-6.518,5169373.77,2829470.27
601857.SH,2022-06-21,5.45,5.49,5.41,5.44,5.45,-0.01,-0.1835,1952107.51,1064545.56
601857.SH,2022-06-22,5.45,5.46,5.31,5.32,5.44,-0.12,-2.2059,2279190.33,1225150.322
601857.SH,2022-06-23,5.29,5.4,5.25,5.4,5.32,0.08,1.5038,2131412.06,1134453.671
601857.SH,2022-06-24,5.37,5.39,5.3,5.34,5.4,-0.06,-1.1111,1650822.4,880934.325
601857.SH,2022-06-27,5.36,5.41,5.34,5.39,5.34,0.05,0.9363,1642770.04,884171.732
601857.SH,2022-06-28,5.34,5.36,5.3,5.36,5.29,0.07,1.3233,1454288.39,775085.904
601857.SH,2022-06-29,5.37,5.4,5.3,5.31,5.36,-0.05,-0.9328,1704059.74,909708.571
601857.SH,2022-06-30,5.28,5.31,5.28,5.3,5.31,-0.01,-0.1883,1229093.43,650754.471
601857.SH,2022-07-01,5.26,5.27,5.22,5.27,5.3,-0.03,-0.566,944725.41,495762.14
601857.SH,2022-07-04,5.27,5.32,5.27,5.31,5.27,0.04,0.759,992341.92,526008.503
601857.SH,2022-07-05,5.35,5.44,5.35,5.4,5.31,0.09,1.6949,1831665.25,988893.668
601857.SH,2022-07-06,5.24,5.27,5.17,5.22,5.4,-0.18,-3.3333,2602926.99,1357046.903
601857.SH,2022-07-07,5.19,5.2,5.15,5.16,5.22,-0.06,-1.1494,1735136.57,896039.374
601857.SH,2022-07-08,5.22,5.24,5.17,5.19,5.16,0.03,0.5814,1014627.29,527116.173
601857.SH,2022-07-11,5.19,5.2,5.12,5.13,5.19,-0.06,-1.1561,1139812.65,585700.915
601857.SH,2022-07-12,5.13,5.15,5.11,5.12,5.13,-0.01,-0.1949,846901.84,434052.132
601857.SH,2022-07-13,5.08,5.09,5.04,5.09,5.12,-0.03,-0.5859,1279890.82,648483.748
601857.SH,2022-07-14,5.08,5.08,5.04,5.07,5.09,-0.02,-0.3929,800396.53,405141.164
601857.SH,2022-07-15,5.05,5.06,5.0,5.01,5.07,-0.06,-1.1834,1345345.54,676264.899
601857.SH,2022-07-18,5.06,5.16,5.06,5.15,5.01,0.14,2.7944,1313670.35,671775.928
601857.SH,2022-07-19,5.18,5.21,5.15,5.2,5.15,0.05,0.9709,1108164.02,574197.756
601857.SH,2022-07-20,5.24,5.28,5.23,5.24,5.2,0.04,0.7692,1010403.01,530715.977
601857.SH,2022-07-21,5.24,5.24,5.16,5.19,5.24,-0.05,-0.9542,892754.77,463824.475
601857.SH,2022-07-22,5.17,5.24,5.16,5.2,5.19,0.01,0.1927,778309.58,404616.436
601857.SH,2022-07-25,5.2,5.23,5.17,5.19,5.2,-0.01,-0.1923,634400.7,329940.409
601857.SH,2022-07-26,5.21,5.26,5.21,5.25,5.19,0.06,1.1561,795169.11,416541.554
601857.SH,2022-07-27,5.23,5.26,5.2,5.21,5.25,-0.04,-0.7619,726270.7,379251.676
601857.SH,2022-07-28,5.26,5.29,5.23,5.25,5.21,0.04,0.7678,797316.6,418939.168
601857.SH,2022-07-29,5.24,5.3,5.19,5.2,5.25,-0.05,-0.9524,807011.34,422263.579
601857.SH,2022-08-01,5.2,5.24,5.17,5.22,5.2,0.02,0.3846,745000.32,388110.864
601857.SH,2022-08-02,5.16,5.16,5.04,5.12,5.22,-0.1,-1.9157,1319034.57,672221.13
601857.SH,2022-08-03,5.11,5.16,5.08,5.08,5.12,-0.04,-0.7813,812798.74,416168.996
601857.SH,2022-08-04,5.08,5.1,5.04,5.07,5.08,-0.01,-0.1969,797983.53,404384.596
601857.SH,2022-08-05,5.05,5.06,5.0,5.05,5.07,-0.02,-0.3945,1500536.92,754377.749
601857.SH,2022-08-08,5.03,5.07,5.02,5.06,5.05,0.01,0.198,692014.7,349378.377
601857.SH,2022-08-09,5.07,5.13,5.06,5.1,5.06,0.04,0.7905,762813.23,389265.116
601857.SH,2022-08-10,5.1,5.17,5.09,5.13,5.1,0.03,0.5882,714482.52,366763.264
601857.SH,2022-08-11,5.16,5.2,5.14,5.19,5.13,0.06,1.1696,698639.6,361707.089
601857.SH,2022-08-12,5.22,5.25,5.2,5.24,5.19,0.05,0.9634,803578.15,420496.952
601857.SH,2022-08-15,5.17,5.23,5.13,5.19,5.24,-0.05,-0.9542,850920.28,442255.008
601857.SH,2022-08-16,5.15,5.17,5.1,5.14,5.19,-0.05,-0.9634,912829.17,468653.52
601857.SH,2022-08-17,5.14,5.17,5.11,5.16,5.14,0.02,0.3891,553783.78,284827.284
601857.SH,2022-08-18,5.16,5.19,5.1,5.11,5.16,-0.05,-0.969,725385.88,372035.376
601857.SH,2022-08-19,5.14,5.22,5.13,5.18,5.11,0.07,1.3699,1019166.16,528030.662
601857.SH,2022-08-22,5.18,5.24,5.17,5.23,5.18,0.05,0.9653,945467.55,493577.896
601857.SH,2022-08-23,5.23,5.32,5.19,5.3,5.23,0.07,1.3384,1437970.03,757985.634
601857.SH,2022-08-24,5.39,5.43,5.31,5.33,5.3,0.03,0.566,1830262.91,980940.666
601857.SH,2022-08-25,5.37,5.49,5.35,5.49,5.33,0.16,3.0019,2373405.66,1288967.398
601857.SH,2022-08-26,5.48,5.5,5.4,5.44,5.49,-0.05,-0.9107,1893490.11,1031633.184
601857.SH,2022-08-29,5.43,5.49,5.4,5.48,5.44,0.04,0.7353,1360982.4,741597.416
601857.SH,2022-08-30,5.53,5.57,5.43,5.47,5.48,-0.01,-0.1825,1140078.67,625140.664
601857.SH,2022-08-31,5.38,5.39,5.31,5.34,5.47,-0.13,-2.3766,1353302.57,723995.969
601857.SH,2022-09-01,5.32,5.43,5.3,5.36,5.34,0.02,0.3745,1203355.91,646181.913
601857.SH,2022-09-02,5.36,5.45,5.34,5.42,5.36,0.06,1.1194,1016597.02,550012.301
601857.SH,2022-09-05,5.45,5.58,5.44,5.56,5.42,0.14,2.583,1820156.94,1005539.897
601857.SH,2022-09-06,5.57,5.63,5.53,5.61,5.56,0.05,0.8993,1439710.49,804798.025
601857.SH,2022-09-07,5.56,5.6,5.52,5.58,5.61,-0.03,-0.5348,1063078.05,590529.659
601857.SH,2022-09-08,5.51,5.57,5.44,5.53,5.58,-0.05,-0.8961,1320467.76,727985.431
601857.SH,2022-09-09,5.58,5.63,5.55,5.59,5.53,0.06,1.085,1229275.86,687255.668
601857.SH,2022-09-13,5.63,5.65,5.55,5.55,5.59,-0.04,-0.7156,1049312.06,586175.305
601857.SH,2022-09-14,5.5,5.59,5.47,5.52,5.55,-0.03,-0.5405,976924.48,541043.603
601857.SH,2022-09-15,5.56,5.6,5.47,5.54,5.52,0.02,0.3623,1040331.35,576123.075
601857.SH,2022-09-16,5.49,5.5,5.35,5.37,5.54,-0.17,-3.0686,2677402.6,1444287.797
601857.SH,2022-09-19,5.34,5.37,5.27,5.35,5.37,-0.02,-0.3724,1322585.92,703667.351
601857.SH,2022-09-20,5.19,5.22,5.15,5.16,5.15,0.01,0.1942,1020964.18,529009.334
601857.SH,2022-09-21,5.14,5.24,5.09,5.23,5.16,0.07,1.3566,1002924.3,518874.389
601857.SH,2022-09-22,5.2,5.36,5.17,5.34,5.23,0.11,2.1033,1331561.34,704153.654
601857.SH,2022-09-23,5.31,5.52,5.31,5.44,5.34,0.1,1.8727,1984611.71,1082860.166
601857.SH,2022-09-26,5.34,5.37,5.11,5.11,5.44,-0.33,-6.0662,1990242.48,1042257.114
601857.SH,2022-09-27,5.11,5.17,5.03,5.1,5.11,-0.01,-0.1957,1606135.42,814547.851
601857.SH,2022-09-28,5.09,5.13,5.04,5.07,5.1,-0.03,-0.5882,966269.22,490629.917
601857.SH,2022-09-29,5.14,5.18,5.06,5.11,5.07,0.04,0.789,948557.11,486091.349
601857.SH,2022-09-30,5.08,5.16,5.08,5.13,5.11,0.02,0.3914,819572.3,420427.454
601857.SH,2022-10-10,5.29,5.37,5.24,5.27,5.13,0.14,2.729,1891524.08,1004290.297
601857.SH,2022-10-11,5.28,5.29,5.19,5.21,5.27,-0.06,-1.1385,1121147.2,586118.578
601857.SH,2022-10-12,5.18,5.21,5.13,5.2,5.21,-0.01,-0.1919,1092707.14,564699.4
601857.SH,2022-10-13,5.17,5.18,5.1,5.13,5.2,-0.07,-1.3462,1451128.26,743335.955
601857.SH,2022-10-14,5.17,5.19,5.15,5.17,5.13,0.04,0.7797,1104542.19,571103.257
601857.SH,2022-10-17,5.13,5.19,5.08,5.18,5.17,0.01,0.1934,999636.26,513878.411
601857.SH,2022-10-18,5.16,5.19,5.13,5.16,5.18,-0.02,-0.3861,711518.6,366763.748
601857.SH,2022-10-19,5.12,5.17,5.11,5.11,5.16,-0.05,-0.969,726316.96,372904.323
601857.SH,2022-10-20,5.13,5.17,5.1,5.16,5.11,0.05,0.9785,934018.74,479892.955
601857.SH,2022-10-21,5.14,5.19,5.14,5.19,5.16,0.03,0.5814,906783.02,468794.627
601857.SH,2022-10-24,5.19,5.23,5.12,5.17,5.19,-0.02,-0.3854,1104971.88,570885.154
601857.SH,2022-10-25,5.17,5.18,5.09,5.12,5.17,-0.05,-0.9671,865143.92,443829.113
601857.SH,2022-10-26,5.12,5.14,5.07,5.08,5.12,-0.04,-0.7813,1161039.63,592150.856
601857.SH,2022-10-27,5.1,5.12,5.07,5.11,5.08,0.03,0.5906,863300.56,440285.168
601857.SH,2022-10-28,5.12,5.15,5.07,5.07,5.11,-0.04,-0.7828,1310206.48,669389.984
601857.SH,2022-10-31,5.05,5.06,4.76,4.79,5.07,-0.28,-5.5227,3205796.33,1565377.081
601857.SH,2022-11-01,4.77,4.85,4.77,4.85,4.79,0.06,1.2526,1358447.78,654137.255
601857.SH,2022-11-02,4.85,4.9,4.82,4.89,4.85,0.04,0.8247,1060959.21,516021.778
601857.SH,2022-11-03,4.86,4.91,4.85,4.89,4.89,0.0,0.0,972994.73,474624.809
601857.SH,2022-11-04,4.89,4.97,4.88,4.95,4.89,0.06,1.227,1033840.83,510325.932
601857.SH,2022-11-07,4.97,5.08,4.97,5.05,4.95,0.1,2.0202,1188760.54,598486.095
601857.SH,2022-11-08,5.06,5.08,5.03,5.06,5.05,0.01,0.198,691758.57,349353.568
601857.SH,2022-11-09,5.02,5.06,5.0,5.02,5.06,-0.04,-0.7905,600640.63,301993.26
601857.SH,2022-11-10,4.97,4.98,4.9,4.95,5.02,-0.07,-1.3944,1095406.47,540991.511
601857.SH,2022-11-11,5.0,5.05,4.98,5.05,4.95,0.1,2.0202,1144431.25,574087.734
601857.SH,2022-11-14,5.05,5.11,5.02,5.03,5.05,-0.02,-0.396,1062604.08,538174.893
601857.SH,2022-11-15,5.0,5.05,4.98,5.03,5.03,0.0,0.0,785991.68,394664.312
601857.SH,2022-11-16,5.03,5.1,5.03,5.06,5.03,0.03,0.5964,1005223.66,509102.562
601857.SH,2022-11-17,5.06,5.06,5.01,5.04,5.06,-0.02,-0.3953,785345.12,395189.857
601857.SH,2022-11-18,5.01,5.03,4.99,5.0,5.04,-0.04,-0.7937,804964.43,403148.749
601857.SH,2022-11-21,4.98,4.99,4.94,4.97,5.0,-0.03,-0.6,678548.87,336726.319
601857.SH,2022-11-22,4.98,5.1,4.97,5.07,4.97,0.1,2.0121,1389390.2,702533.871
601857.SH,2022-11-23,5.1,5.18,5.09,5.14,5.07,0.07,1.3807,1532839.04,787554.703
601857.SH,2022-11-24,5.09,5.14,5.08,5.11,5.14,-0.03,-0.5837,811206.36,414613.676
601857.SH,2022-11-25,5.12,5.2,5.1,5.18,5.11,0.07,1.3699,1114228.54,576177.366
601857.SH,2022-11-28,5.13,5.15,5.07,5.11,5.18,-0.07,-1.3514,1021154.33,521716.698
601857.SH,2022-11-29,5.14,5.2,5.12,5.19,5.11,0.08,1.5656,1267210.93,655844.18
601857.SH,2022-11-30,5.18,5.24,5.17,5.24,5.19,0.05,0.9634,1281765.82,669028.494
601857.SH,2022-12-01,5.27,5.28,5.19,5.19,5.24,-0.05,-0.9542,1044701.11,545472.68
601857.SH,2022-12-02,5.2,5.23,5.17,5.2,5.19,0.01,0.1927,876848.41,455819.077
601857.SH,2022-12-05,5.23,5.35,5.22,5.32,5.2,0.12,2.3077,1719654.99,911416.976
601857.SH,2022-12-06,5.28,5.31,5.25,5.28,5.32,-0.04,-0.7519,1176086.7,620424.044
601857.SH,2022-12-07,5.24,5.25,5.17,5.19,5.28,-0.09,-1.7045,1295106.62,674021.358
601857.SH,2022-12-08,5.18,5.2,5.13,5.15,5.19,-0.04,-0.7707,1137146.34,587271.356
601857.SH,2022-12-09,5.16,5.18,5.12,5.14,5.15,-0.01,-0.1942,954340.7,490964.2
601857.SH,2022-12-12,5.14,5.16,5.08,5.09,5.14,-0.05,-0.9728,1175123.2,600057.345
601857.SH,2022-12-13,5.11,5.13,5.08,5.1,5.09,0.01,0.1965,897679.43,457994.166
601857.SH,2022-12-14,5.11,5.15,5.09,5.14,5.1,0.04,0.7843,821934.54,420972.754
601857.SH,2022-12-15,5.16,5.17,5.08,5.09,5.14,-0.05,-0.9728,760146.05,388116.796
601857.SH,2022-12-16,5.07,5.13,5.05,5.11,5.09,0.02,0.3929,718330.99,366146.063
601857.SH,2022-12-19,5.1,5.11,5.01,5.02,5.11,-0.09,-1.7613,904358.93,456061.879
601857.SH,2022-12-20,5.01,5.05,4.98,5.0,5.02,-0.02,-0.3984,766549.52,383635.592
601857.SH,2022-12-21,5.01,5.02,4.98,4.99,5.0,-0.01,-0.2,501735.34,250868.41
601857.SH,2022-12-22,5.03,5.05,4.99,5.0,4.99,0.01,0.2004,596826.72,299427.656
601857.SH,2022-12-23,4.98,5.01,4.97,4.98,5.0,-0.02,-0.4,594996.7,296821.483
601857.SH,2022-12-26,5.0,5.03,4.97,4.98,4.98,0.0,0.0,683453.86,340746.851
601857.SH,2022-12-27,5.0,5.01,4.98,5.01,4.98,0.03,0.6024,573567.38,286865.086
601857.SH,2022-12-28,5.0,5.07,4.98,5.05,5.01,0.04,0.7984,837272.85,421366.246
601857.SH,2022-12-29,5.03,5.03,4.96,4.96,5.05,-0.09,-1.7822,1248618.88,621860.485
601857.SH,2022-12-30,4.96,4.98,4.95,4.97,4.96,0.01,0.2016,736795.68,366223.379
